snapshot,carrier,fuelcost_t
1/9/2025,nuclear,6.40385168
1/9/2025,bituminous,66.88834798
1/9/2025,anthracite,72.03387147
1/9/2025,oil,342.4618241
1/9/2025,LNG,120.5672072
1/8/2025,nuclear,6.4
1/8/2025,bituminous,70.87
1/8/2025,anthracite,39.22
1/8/2025,oil,309.97
1/8/2025,LNG,118
1/7/2025,nuclear,6.39
1/7/2025,bituminous,73.98
1/7/2025,anthracite,34.47
1/7/2025,oil,307.82
1/7/2025,LNG,120.85
1/6/2025,nuclear,6.38
1/6/2025,bituminous,79.57
1/6/2025,anthracite,96.67
1/6/2025,oil,307.8
1/6/2025,LNG,127.37
1/5/2025,nuclear,6.38
1/5/2025,bituminous,78.81
1/5/2025,anthracite,90.03
1/5/2025,oil,307.82
1/5/2025,LNG,131.05
1/4/2025,nuclear,6.37
1/4/2025,bituminous,82.73
1/4/2025,anthracite,98.88
1/4/2025,oil,307.74
1/4/2025,LNG,135.6
1/3/2025,nuclear,6.37
1/3/2025,bituminous,80.05
1/3/2025,anthracite,87.42
1/3/2025,oil,308.21
1/3/2025,LNG,129.76
1/2/2025,nuclear,6.37
1/2/2025,bituminous,78.09
1/2/2025,anthracite,88.15
1/2/2025,oil,308.4
1/2/2025,LNG,132.89
1/1/2025,nuclear,6.38
1/1/2025,bituminous,76.39
1/1/2025,anthracite,67.47
1/1/2025,oil,307.83
1/1/2025,LNG,138.61
1/12/2024,nuclear,6.38
1/12/2024,bituminous,80.41
1/12/2024,anthracite,67.16
1/12/2024,oil,307.69
1/12/2024,LNG,141.28
1/11/2024,nuclear,6.397
1/11/2024,bituminous,76.411
1/11/2024,anthracite,84.685
1/11/2024,oil,306.96
1/11/2024,LNG,135.482
1/10/2024,nuclear,6.4
1/10/2024,bituminous,75.15
1/10/2024,anthracite,85.89
1/10/2024,oil,332.81
1/10/2024,LNG,136.82
1/9/2024,nuclear,6.41
1/9/2024,bituminous,75.15
1/9/2024,anthracite,90.25
1/9/2024,oil,348.53
1/9/2024,LNG,142.2
1/8/2024,nuclear,6.412
1/8/2024,bituminous,75.977
1/8/2024,anthracite,82.577
1/8/2024,oil,359.503
1/8/2024,LNG,140.51
1/7/2024,nuclear,6.413
1/7/2024,bituminous,78.269
1/7/2024,anthracite,102.435
1/7/2024,oil,360.015
1/7/2024,LNG,133.075
1/6/2024,nuclear,6.421
1/6/2024,bituminous,78.273
1/6/2024,anthracite,97.406
1/6/2024,oil,358.215
1/6/2024,LNG,130.587
1/5/2024,nuclear,6.415
1/5/2024,bituminous,78.491
1/5/2024,anthracite,103.542
1/5/2024,oil,345.997
1/5/2024,LNG,133.1954
1/4/2024,nuclear,6.421
1/4/2024,bituminous,77.416
1/4/2024,anthracite,101.091
1/4/2024,oil,346.384
1/4/2024,LNG,136.532
1/3/2024,nuclear,6.422
1/3/2024,bituminous,76.1568
1/3/2024,anthracite,79.789
1/3/2024,oil,346.715
1/3/2024,LNG,148.73
1/2/2024,nuclear,6.41186
1/2/2024,bituminous,71.40514
1/2/2024,anthracite,61.09152
1/2/2024,oil,347.99587
1/2/2024,LNG,149.9008
1/1/2024,nuclear,6.41612
1/1/2024,bituminous,71.79142
1/1/2024,anthracite,50.7656
1/1/2024,oil,351.09538
1/1/2024,LNG,164.63564
1/12/2023,nuclear,6.421
1/12/2023,bituminous,89.6142
1/12/2023,anthracite,87.9026
1/12/2023,oil,341.542
1/12/2023,LNG,152.245
1/11/2023,nuclear,6.384
1/11/2023,bituminous,73.729
1/11/2023,anthracite,89.061
1/11/2023,oil,339.168
1/11/2023,LNG,144.737
1/10/2023,nuclear,6.377
1/10/2023,bituminous,80.054
1/10/2023,anthracite,84.968
1/10/2023,oil,336.934
1/10/2023,LNG,156.185
1/9/2023,nuclear,6.37
1/9/2023,bituminous,88.3254
1/9/2023,anthracite,93.712
1/9/2023,oil,320.657
1/9/2023,LNG,147.452
1/8/2023,nuclear,6.36
1/8/2023,bituminous,90.603
1/8/2023,anthracite,91.941
1/8/2023,oil,318.633
1/8/2023,LNG,148.663
1/7/2023,nuclear,6.356
1/7/2023,bituminous,104.438
1/7/2023,anthracite,77.925
1/7/2023,oil,318.24
1/7/2023,LNG,156.968
1/6/2023,nuclear,6.36
1/6/2023,bituminous,105.706
1/6/2023,anthracite,74.928
1/6/2023,oil,320.673
1/6/2023,LNG,158.86
1/5/2023,nuclear,6.37
1/5/2023,bituminous,109.1
1/5/2023,anthracite,92.85
1/5/2023,oil,321
1/5/2023,LNG,164.03
1/4/2023,nuclear,6.37
1/4/2023,bituminous,110.72
1/4/2023,anthracite,100.533
1/4/2023,oil,316.834
1/4/2023,LNG,178.37
1/3/2023,nuclear,6.36
1/3/2023,bituminous,114.135
1/3/2023,anthracite,101.015
1/3/2023,oil,318.381
1/3/2023,LNG,227.617
1/2/2023,nuclear,6.36
1/2/2023,bituminous,120.412
1/2/2023,anthracite,105.981
1/2/2023,oil,331.06
1/2/2023,LNG,266.344
1/1/2023,nuclear,6.36
1/1/2023,bituminous,126.43
1/1/2023,anthracite,119.319
1/1/2023,oil,379.015
1/1/2023,LNG,258.667
1/12/2022,nuclear,6.368
1/12/2022,bituminous,137.572
1/12/2022,anthracite,112.194
1/12/2022,oil,381.051
1/12/2022,LNG,266.79
1/11/2022,nuclear,6.37
1/11/2022,bituminous,125.277
1/11/2022,anthracite,110.359
1/11/2022,oil,373.958
1/11/2022,LNG,270.375
1/10/2022,nuclear,6.367
1/10/2022,bituminous,127.965
1/10/2022,anthracite,120.554
1/10/2022,oil,390.623
1/10/2022,LNG,267.254
1/9/2022,nuclear,6.35
1/9/2022,bituminous,129.39
1/9/2022,anthracite,123.86
1/9/2022,oil,390.49
1/9/2022,LNG,249.247
1/8/2022,nuclear,6.348
1/8/2022,bituminous,130.541
1/8/2022,anthracite,117.645
1/8/2022,oil,428.339
1/8/2022,LNG,213.847
1/7/2022,nuclear,6.353
1/7/2022,bituminous,113.221
1/7/2022,anthracite,97.185
1/7/2022,oil,389.626
1/7/2022,LNG,156.9
1/6/2022,nuclear,6.354
1/6/2022,bituminous,101.858
1/6/2022,anthracite,76.29
1/6/2022,oil,382.371
1/6/2022,LNG,139.868
1/5/2022,nuclear,6.362
1/5/2022,bituminous,101.382
1/5/2022,anthracite,190.757
1/5/2022,oil,336.503
1/5/2022,LNG,145.868
1/4/2022,nuclear,6.359
1/4/2022,bituminous,98.375
1/4/2022,anthracite,82.411
1/4/2022,oil,316.265
1/4/2022,LNG,200.965
1/3/2022,nuclear,6.363
1/3/2022,bituminous,90.678
1/3/2022,anthracite,79.008
1/3/2022,oil,309.27
1/3/2022,LNG,184.143
1/2/2022,nuclear,6.363
1/2/2022,bituminous,87.042
1/2/2022,anthracite,87.186
1/2/2022,oil,301.093
1/2/2022,LNG,203.318
1/1/2022,nuclear,6.363
1/1/2022,bituminous,79.307
1/1/2022,anthracite,86.063
1/1/2022,oil,224.672
1/1/2022,LNG,158.074
1/12/2021,nuclear,6.36
1/12/2021,bituminous,73.121
1/12/2021,anthracite,56.576
1/12/2021,oil,217.037
1/12/2021,LNG,145.782
1/11/2021,nuclear,6.333
1/11/2021,bituminous,66.519
1/11/2021,anthracite,70.542
1/11/2021,oil,211.781
1/11/2021,LNG,135.047
1/10/2021,nuclear,6.317
1/10/2021,bituminous,63.395
1/10/2021,anthracite,79.465
1/10/2021,oil,203.648
1/10/2021,LNG,108.146
1/9/2021,nuclear,6.324
1/9/2021,bituminous,60.602
1/9/2021,anthracite,80.133
1/9/2021,oil,197.384
1/9/2021,LNG,103.493
1/8/2021,nuclear,6.143
1/8/2021,bituminous,57.834
1/8/2021,anthracite,76.272
1/8/2021,oil,185.265
1/8/2021,LNG,96.672
1/7/2021,nuclear,6.151
1/7/2021,bituminous,57.67
1/7/2021,anthracite,64.4
1/7/2021,oil,178.415
1/7/2021,LNG,87.946
1/6/2021,nuclear,6.156
1/6/2021,bituminous,54.475
1/6/2021,anthracite,59.587
1/6/2021,oil,178.3377
1/6/2021,LNG,84.039
1/5/2021,nuclear,6.164
1/5/2021,bituminous,53.074
1/5/2021,anthracite,52.181
1/5/2021,oil,178.396
1/5/2021,LNG,79.91
1/4/2021,nuclear,6.153
1/4/2021,bituminous,49.113
1/4/2021,anthracite,59.301
1/4/2021,oil,170.27
1/4/2021,LNG,76.129
1/3/2021,nuclear,6.138
1/3/2021,bituminous,48.226
1/3/2021,anthracite,62.635
1/3/2021,oil,157.271
1/3/2021,LNG,82.837
1/2/2021,nuclear,6.108
1/2/2021,bituminous,45.389
1/2/2021,anthracite,66.043
1/2/2021,oil,149.173
1/2/2021,LNG,75.996
1/1/2021,nuclear,6.105
1/1/2021,bituminous,44.466
1/1/2021,anthracite,66.203
1/1/2021,oil,139.941
1/1/2021,LNG,70.456
1/12/2020,nuclear,6.094
1/12/2020,bituminous,44.656
1/12/2020,anthracite,19.131
1/12/2020,oil,139.686
1/12/2020,LNG,65.848
1/11/2020,nuclear,6.092
1/11/2020,bituminous,46.927
1/11/2020,anthracite,22.747
1/11/2020,oil,154.801
1/11/2020,LNG,50.672
1/10/2020,nuclear,6.063
1/10/2020,bituminous,48.061
1/10/2020,anthracite,69.897
1/10/2020,oil,168.583
1/10/2020,LNG,50.217
1/9/2020,nuclear,6.063
1/9/2020,bituminous,49.073
1/9/2020,anthracite,74.563
1/9/2020,oil,169.894
1/9/2020,LNG,55.204
1/8/2020,nuclear,6.058
1/8/2020,bituminous,50.91
1/8/2020,anthracite,68.998
1/8/2020,oil,174.426
1/8/2020,LNG,63.831
1/7/2020,nuclear,6.047
1/7/2020,bituminous,53.156
1/7/2020,anthracite,64.109
1/7/2020,oil,180.881
1/7/2020,LNG,78.576
1/6/2020,nuclear,6.041
1/6/2020,bituminous,53.393
1/6/2020,anthracite,69.36
1/6/2020,oil,182.422
1/6/2020,LNG,80.523
1/5/2020,nuclear,6.039
1/5/2020,bituminous,53.653
1/5/2020,anthracite,62.736
1/5/2020,oil,188.297
1/5/2020,LNG,84.95
1/4/2020,nuclear,6.032
1/4/2020,bituminous,51.987
1/4/2020,anthracite,64.881
1/4/2020,oil,187.295
1/4/2020,LNG,80.905
1/3/2020,nuclear,6.023
1/3/2020,bituminous,51.902
1/3/2020,anthracite,69.368
1/3/2020,oil,186.063
1/3/2020,LNG,84.223
1/2/2020,nuclear,5.995
1/2/2020,bituminous,52.091
1/2/2020,anthracite,70.433
1/2/2020,oil,186.716
1/2/2020,LNG,82.313
1/1/2020,nuclear,5.96
1/1/2020,bituminous,51.623
1/1/2020,anthracite,69.276
1/1/2020,oil,187.277
1/1/2020,LNG,84.68
1/12/2019,nuclear,5.963
1/12/2019,bituminous,54.462
1/12/2019,anthracite,72.613
1/12/2019,oil,186.805
1/12/2019,LNG,82.846
1/11/2019,nuclear,5.961
1/11/2019,bituminous,55.674
1/11/2019,anthracite,70.395
1/11/2019,oil,184.728
1/11/2019,LNG,82.461
1/10/2019,nuclear,5.975
1/10/2019,bituminous,55.06
1/10/2019,anthracite,64.964
1/10/2019,oil,189.846
1/10/2019,LNG,91.154
1/9/2019,nuclear,5.971
1/9/2019,bituminous,56.449
1/9/2019,anthracite,66.628
1/9/2019,oil,183.902
1/9/2019,LNG,82.572
1/8/2019,nuclear,5.969
1/8/2019,bituminous,59.853
1/8/2019,anthracite,71.512
1/8/2019,oil,183.396
1/8/2019,LNG,85.911
1/7/2019,nuclear,5.973
1/7/2019,bituminous,59.259
1/7/2019,anthracite,59.355
1/7/2019,oil,183.28
1/7/2019,LNG,83.809
1/6/2019,nuclear,5.969
1/6/2019,bituminous,56.967
1/6/2019,anthracite,68.133
1/6/2019,oil,178.218
1/6/2019,LNG,83.732
1/5/2019,nuclear,5.951
1/5/2019,bituminous,53.926
1/5/2019,anthracite,69.304
1/5/2019,oil,176.681
1/5/2019,LNG,81.68
1/4/2019,nuclear,5.936
1/4/2019,bituminous,54.637
1/4/2019,anthracite,71.131
1/4/2019,oil,168.177
1/4/2019,LNG,103.834
1/3/2019,nuclear,5.913
1/3/2019,bituminous,55.193
1/3/2019,anthracite,57.428
1/3/2019,oil,161.329
1/3/2019,LNG,116.254
1/2/2019,nuclear,5.864
1/2/2019,bituminous,56.072
1/2/2019,anthracite,61.956
1/2/2019,oil,192.753
1/2/2019,LNG,112.318
1/1/2019,nuclear,5.862
1/1/2019,bituminous,59.492
1/1/2019,anthracite,60.578
1/1/2019,oil,194.603
1/1/2019,LNG,113.936
1/12/2018,nuclear,5.85
1/12/2018,bituminous,58.48
1/12/2018,anthracite,69.21
1/12/2018,oil,191.81
1/12/2018,LNG,114.05
1/11/2018,nuclear,5.844
1/11/2018,bituminous,58.125
1/11/2018,anthracite,63.367
1/11/2018,oil,188.669
1/11/2018,LNG,107.953
1/10/2018,nuclear,5.8428
1/10/2018,bituminous,57.3267
1/10/2018,anthracite,67.7609
1/10/2018,oil,184.5094
1/10/2018,LNG,103.3931
1/9/2018,nuclear,5.84
1/9/2018,bituminous,54.72
1/9/2018,anthracite,61.95
1/9/2018,oil,172.22
1/9/2018,LNG,99.59
1/8/2018,nuclear,5.84
1/8/2018,bituminous,54.96
1/8/2018,anthracite,62.36
1/8/2018,oil,160.62
1/8/2018,LNG,93.54
1/7/2018,nuclear,5.83064771
1/7/2018,bituminous,55.34745165
1/7/2018,anthracite,65.5089353
1/7/2018,oil,160.3529184
1/7/2018,LNG,91.93574925
1/6/2018,nuclear,5.859746488
1/6/2018,bituminous,53.96533843
1/6/2018,anthracite,66.17727511
1/6/2018,oil,158.8161287
1/6/2018,LNG,91.92520696
1/5/2018,nuclear,5.861773087
1/5/2018,bituminous,54.09520807
1/5/2018,anthracite,63.76071776
1/5/2018,oil,159.1615543
1/5/2018,LNG,88.96661058
1/4/2018,nuclear,5.86341592
1/4/2018,bituminous,52.08339934
1/4/2018,anthracite,64.4536106
1/4/2018,oil,159.2988036
1/4/2018,LNG,91.94016424
1/3/2018,nuclear,5.853670573
1/3/2018,bituminous,52.43456307
1/3/2018,anthracite,63.86707666
1/3/2018,oil,155.9873566
1/3/2018,LNG,103.5670809
1/2/2018,nuclear,5.824214636
1/2/2018,bituminous,50.09773327
1/2/2018,anthracite,63.96301103
1/2/2018,oil,145.5297202
1/2/2018,LNG,93.67438334
1/1/2018,nuclear,5.82086519
1/1/2018,bituminous,50.43366845
1/1/2018,anthracite,65.31283667
1/1/2018,oil,137.8834089
1/1/2018,LNG,93.886203
1/12/2017,nuclear,5.81
1/12/2017,bituminous,49.32
1/12/2017,anthracite,59.42
1/12/2017,oil,136.76
1/12/2017,LNG,91.34
1/11/2017,nuclear,5.79
1/11/2017,bituminous,47.95
1/11/2017,anthracite,63.48
1/11/2017,oil,135.99
1/11/2017,LNG,83.84
1/10/2017,nuclear,5.76
1/10/2017,bituminous,46.94
1/10/2017,anthracite,64.11
1/10/2017,oil,135.41
1/10/2017,LNG,84.08
1/9/2017,nuclear,5.74
1/9/2017,bituminous,48.94
1/9/2017,anthracite,53.38
1/9/2017,oil,138.41
1/9/2017,LNG,82.81
1/8/2017,nuclear,5.72
1/8/2017,bituminous,48.29
1/8/2017,anthracite,56.13
1/8/2017,oil,141
1/8/2017,LNG,81.15
1/7/2017,nuclear,5.71
1/7/2017,bituminous,48.74
1/7/2017,anthracite,66.31
1/7/2017,oil,141.55
1/7/2017,LNG,78.73
1/6/2017,nuclear,5.74
1/6/2017,bituminous,48.32
1/6/2017,anthracite,66.54
1/6/2017,oil,142.31
1/6/2017,LNG,84.17
1/5/2017,nuclear,5.72
1/5/2017,bituminous,49.03
1/5/2017,anthracite,64
1/5/2017,oil,141.81
1/5/2017,LNG,83.28
1/4/2017,nuclear,5.7011
1/4/2017,bituminous,50.21946
1/4/2017,anthracite,59.18066
1/4/2017,oil,145.86666
1/4/2017,LNG,79.24973
1/3/2017,nuclear,5.67843
1/3/2017,bituminous,47.16411
1/3/2017,anthracite,68.84021
1/3/2017,oil,147.87618
1/3/2017,LNG,96.2424
1/2/2017,nuclear,5.671
1/2/2017,bituminous,43.994
1/2/2017,anthracite,59.445
1/2/2017,oil,137.355
1/2/2017,LNG,95.786
1/1/2017,nuclear,5.667
1/1/2017,bituminous,42.55
1/1/2017,anthracite,53.87
1/1/2017,oil,132.023
1/1/2017,LNG,89.532
1/12/2016,nuclear,5.658
1/12/2016,bituminous,36.492
1/12/2016,anthracite,44.457
1/12/2016,oil,128.933
1/12/2016,LNG,90.116
1/11/2016,nuclear,5.642
1/11/2016,bituminous,35.03
1/11/2016,anthracite,49.861
1/11/2016,oil,124.203
1/11/2016,LNG,76.563
1/10/2016,nuclear,5.628
1/10/2016,bituminous,33.985
1/10/2016,anthracite,50.001
1/10/2016,oil,123.656
1/10/2016,LNG,74.838
1/9/2016,nuclear,5.603
1/9/2016,bituminous,35.124
1/9/2016,anthracite,51.722
1/9/2016,oil,131.864
1/9/2016,LNG,74.948
1/8/2016,nuclear,5.595
1/8/2016,bituminous,33.762
1/8/2016,anthracite,48.002
1/8/2016,oil,129.369
1/8/2016,LNG,72.168
1/7/2016,nuclear,5.5825
1/7/2016,bituminous,33.7301
1/7/2016,anthracite,47.0154
1/7/2016,oil,121.3556
1/7/2016,LNG,70.2244
1/6/2016,nuclear,5.541016
1/6/2016,bituminous,33.76705345
1/6/2016,anthracite,49.58529339
1/6/2016,oil,118.4725631
1/6/2016,LNG,68.21462843
1/5/2016,nuclear,5.474
1/5/2016,bituminous,34.987
1/5/2016,anthracite,49.291
1/5/2016,oil,119.779
1/5/2016,LNG,73.92
1/4/2016,nuclear,5.448
1/4/2016,bituminous,34.679
1/4/2016,anthracite,48.448
1/4/2016,oil,115.635
1/4/2016,LNG,80.246
1/3/2016,nuclear,5.429
1/3/2016,bituminous,34.418
1/3/2016,anthracite,50.527
1/3/2016,oil,113.623
1/3/2016,LNG,92.094
1/2/2016,nuclear,5.405
1/2/2016,bituminous,35.059
1/2/2016,anthracite,53.523
1/2/2016,oil,125.161
1/2/2016,LNG,94.398
1/1/2016,nuclear,5.38
1/1/2016,bituminous,35.505
1/1/2016,anthracite,56.895
1/1/2016,oil,131.245
1/1/2016,LNG,94.886
1/12/2015,nuclear,5.341
1/12/2015,bituminous,36.68
1/12/2015,anthracite,51.735
1/12/2015,oil,132.82
1/12/2015,LNG,101.248
1/11/2015,nuclear,5.311
1/11/2015,bituminous,37.21
1/11/2015,anthracite,53.354
1/11/2015,oil,130.231
1/11/2015,LNG,100.207
1/10/2015,nuclear,5.282062262
1/10/2015,bituminous,36.91400458
1/10/2015,anthracite,55.79604778
1/10/2015,oil,153.1342408
1/10/2015,LNG,100.9020217
1/9/2015,nuclear,5.210166696
1/9/2015,bituminous,36.87916531
1/9/2015,anthracite,53.40621328
1/9/2015,oil,155.6062506
1/9/2015,LNG,97.80402499
1/8/2015,nuclear,5.186455531
1/8/2015,bituminous,35.11488158
1/8/2015,anthracite,53.23058558
1/8/2015,oil,155.3877076
1/8/2015,LNG,93.06032236
1/7/2015,nuclear,5.160239407
1/7/2015,bituminous,35.23592667
1/7/2015,anthracite,55.73050764
1/7/2015,oil,156.1342169
1/7/2015,LNG,89.89415607
1/6/2015,nuclear,5.140024573
1/6/2015,bituminous,36.45538936
1/6/2015,anthracite,53.81015443
1/6/2015,oil,150.0015476
1/6/2015,LNG,90.39102198
1/5/2015,nuclear,5.110853012
1/5/2015,bituminous,37.1775611
1/5/2015,anthracite,51.62647698
1/5/2015,oil,159.5070928
1/5/2015,LNG,101.2427348
1/4/2015,nuclear,5.084636949
1/4/2015,bituminous,37.16562078
1/4/2015,anthracite,51.52807331
1/4/2015,oil,161.3610085
1/4/2015,LNG,107.8334905
1/3/2015,nuclear,5.069230572
1/3/2015,bituminous,38.94427316
1/3/2015,anthracite,52.89750299
1/3/2015,oil,174.0328171
1/3/2015,LNG,121.8298849
1/2/2015,nuclear,5.01
1/2/2015,bituminous,39.6
1/2/2015,anthracite,52.58
1/2/2015,oil,200.51
1/2/2015,LNG,130.4
1/1/2015,nuclear,5.012267191
1/1/2015,bituminous,39.64068348
1/1/2015,anthracite,53.46863219
1/1/2015,oil,204.2156387
1/1/2015,LNG,146.2438981
1/12/2014,nuclear,5.0076
1/12/2014,bituminous,39.8433
1/12/2014,anthracite,54.3016
1/12/2014,oil,206.7115
1/12/2014,LNG,145.8755
1/11/2014,nuclear,4.984523284
1/11/2014,bituminous,39.95862265
1/11/2014,anthracite,55.5738347
1/11/2014,oil,215.3445139
1/11/2014,LNG,140.1004887
1/10/2014,nuclear,4.965491451
1/10/2014,bituminous,40.23248425
1/10/2014,anthracite,56.79010438
1/10/2014,oil,215.9976233
1/10/2014,LNG,136.1261827
1/9/2014,nuclear,4.944039576
1/9/2014,bituminous,40.37694745
1/9/2014,anthracite,56.52941852
1/9/2014,oil,216.442157
1/9/2014,LNG,140.5023842
1/8/2014,nuclear,4.876941063
1/8/2014,bituminous,33.45999739
1/8/2014,anthracite,50.12787093
1/8/2014,oil,177.8975807
1/8/2014,LNG,142.8693063
1/7/2014,nuclear,4.850883455
1/7/2014,bituminous,33.95857827
1/7/2014,anthracite,52.82287484
1/7/2014,oil,199.046173
1/7/2014,LNG,145.2879868
1/6/2014,nuclear,4.78941234
1/6/2014,bituminous,34.83027062
1/6/2014,anthracite,54.95582855
1/6/2014,oil,215.7680852
1/6/2014,LNG,144.1833819
1/5/2014,nuclear,4.76570277
1/5/2014,bituminous,35.48706293
1/5/2014,anthracite,52.15593109
1/5/2014,oil,218.1102652
1/5/2014,LNG,148.2768681
1/4/2014,nuclear,4.751657016
1/4/2014,bituminous,36.00720815
1/4/2014,anthracite,55.69882177
1/4/2014,oil,220.0483592
1/4/2014,LNG,150.2420871
1/3/2014,nuclear,4.735432346
1/3/2014,bituminous,36.68401982
1/3/2014,anthracite,58.67246173
1/3/2014,oil,219.3698166
1/3/2014,LNG,160.6549077
1/2/2014,nuclear,4.713640683
1/2/2014,bituminous,36.8079835
1/2/2014,anthracite,61.54977939
1/2/2014,oil,217.8261742
1/2/2014,LNG,150.7434005
1/1/2014,nuclear,4.688823348
1/1/2014,bituminous,36.61028354
1/1/2014,anthracite,58.98217958
1/1/2014,oil,217.7486032
1/1/2014,LNG,141.5908421
1/12/2013,nuclear,4.670674415
1/12/2013,bituminous,36.44059153
1/12/2013,anthracite,62.61802807
1/12/2013,oil,219.9487701
1/12/2013,LNG,143.0418191
1/11/2013,nuclear,4.653034746
1/11/2013,bituminous,37.36614366
1/11/2013,anthracite,63.27140207
1/11/2013,oil,223.4722488
1/11/2013,LNG,134.6857789
1/10/2013,nuclear,4.621861626
1/10/2013,bituminous,39.21390261
1/10/2013,anthracite,59.86303107
1/10/2013,oil,225.0694693
1/10/2013,LNG,140.142564
1/9/2013,nuclear,4.588799414
1/9/2013,bituminous,40.54312689
1/9/2013,anthracite,59.48962421
1/9/2013,oil,226.0339447
1/9/2013,LNG,142.9972317
1/8/2013,nuclear,4.552119579
1/8/2013,bituminous,39.61303103
1/8/2013,anthracite,63.61033574
1/8/2013,oil,230.1714802
1/8/2013,LNG,142.4507983
1/7/2013,nuclear,4.515653452
1/7/2013,bituminous,39.22381207
1/7/2013,anthracite,68.93618585
1/7/2013,oil,229.1281956
1/7/2013,LNG,142.5195587
1/6/2013,nuclear,4.491848906
1/6/2013,bituminous,39.27357471
1/6/2013,anthracite,60.48878447
1/6/2013,oil,238.0931441
1/6/2013,LNG,139.4849701
1/5/2013,nuclear,4.465005714
1/5/2013,bituminous,37.74085354
1/5/2013,anthracite,60.82619836
1/5/2013,oil,233.7158103
1/5/2013,LNG,133.3558817
1/4/2013,nuclear,4.435291967
1/4/2013,bituminous,36.87133685
1/4/2013,anthracite,61.78215113
1/4/2013,oil,232.8152307
1/4/2013,LNG,138.0058847
1/3/2013,nuclear,4.40428799
1/3/2013,bituminous,39.14856492
1/3/2013,anthracite,60.54163758
1/3/2013,oil,224.6919061
1/3/2013,LNG,144.0032022
1/2/2013,nuclear,4.356258206
1/2/2013,bituminous,37.8258917
1/2/2013,anthracite,72.3294946
1/2/2013,oil,226.6776014
1/2/2013,LNG,141.0387492
1/1/2013,nuclear,4.319404801
1/1/2013,bituminous,39.25782221
1/1/2013,anthracite,72.16788445
1/1/2013,oil,230.6557772
1/1/2013,LNG,138.3021893
1/12/2012,nuclear,4.27
1/12/2012,bituminous,40.73
1/12/2012,anthracite,66.98
1/12/2012,oil,235.74
1/12/2012,LNG,131.8
1/11/2012,nuclear,4.23
1/11/2012,bituminous,43.73
1/11/2012,anthracite,72.22
1/11/2012,oil,255.28
1/11/2012,LNG,120.43
1/10/2012,nuclear,4.2
1/10/2012,bituminous,45.327
1/10/2012,anthracite,63.619
1/10/2012,oil,252.296
1/10/2012,LNG,136.583
1/9/2012,nuclear,4.174
1/9/2012,bituminous,47.685
1/9/2012,anthracite,69.443
1/9/2012,oil,240.714
1/9/2012,LNG,141.645
1/8/2012,nuclear,4.153
1/8/2012,bituminous,49.748
1/8/2012,anthracite,74.403
1/8/2012,oil,245.481
1/8/2012,LNG,149.902
1/7/2012,nuclear,4.131
1/7/2012,bituminous,48.888
1/7/2012,anthracite,76.203
1/7/2012,oil,257.488
1/7/2012,LNG,165.32
1/6/2012,nuclear,4.098
1/6/2012,bituminous,49.411
1/6/2012,anthracite,75.487
1/6/2012,oil,268.375
1/6/2012,LNG,154.335
1/5/2012,nuclear,4.068
1/5/2012,bituminous,51.168
1/5/2012,anthracite,77.512
1/5/2012,oil,258.743
1/5/2012,LNG,148.448
1/4/2012,nuclear,3.715
1/4/2012,bituminous,53.657
1/4/2012,anthracite,80.09
1/4/2012,oil,256.132
1/4/2012,LNG,133.608
1/3/2012,nuclear,3.596
1/3/2012,bituminous,53.305
1/3/2012,anthracite,79.685
1/3/2012,oil,242.64
1/3/2012,LNG,138.781
1/2/2012,nuclear,3.964
1/2/2012,bituminous,51.004
1/2/2012,anthracite,80.713
1/2/2012,oil,237.383
1/2/2012,LNG,133.365
1/1/2012,nuclear,3.693
1/1/2012,bituminous,50.184
1/1/2012,anthracite,79.383
1/1/2012,oil,225.18
1/1/2012,LNG,137.456
1/12/2011,nuclear,3.66
1/12/2011,bituminous,51.386
1/12/2011,anthracite,77.371
1/12/2011,oil,227.747
1/12/2011,LNG,135.936
1/11/2011,nuclear,3.845
1/11/2011,bituminous,47.115
1/11/2011,anthracite,75.322
1/11/2011,oil,221.569
1/11/2011,LNG,135.198
1/10/2011,nuclear,3.611
1/10/2011,bituminous,46.874
1/10/2011,anthracite,69.819
1/10/2011,oil,215.881
1/10/2011,LNG,122.862
1/9/2011,nuclear,3.586
1/9/2011,bituminous,47.278
1/9/2011,anthracite,67.529
1/9/2011,oil,212.573
1/9/2011,LNG,125.027
1/8/2011,nuclear,3.763
1/8/2011,bituminous,45.935
1/8/2011,anthracite,69.475
1/8/2011,oil,212.063
1/8/2011,LNG,124.92
1/7/2011,nuclear,3.738
1/7/2011,bituminous,44.593
1/7/2011,anthracite,69.304
1/7/2011,oil,218.122
1/7/2011,LNG,127.813
1/6/2011,nuclear,3.726
1/6/2011,bituminous,47.68
1/6/2011,anthracite,73.08
1/6/2011,oil,201.596
1/6/2011,LNG,117.551
1/5/2011,nuclear,3.664
1/5/2011,bituminous,47.589
1/5/2011,anthracite,70.887
1/5/2011,oil,207.839
1/5/2011,LNG,117.87
1/4/2011,nuclear,3.633
1/4/2011,bituminous,45.956
1/4/2011,anthracite,73.844
1/4/2011,oil,190.676
1/4/2011,LNG,110.996
1/3/2011,nuclear,3.609
1/3/2011,bituminous,47.063
1/3/2011,anthracite,66.257
1/3/2011,oil,180.593
1/3/2011,LNG,113.773
1/2/2011,nuclear,3.583
1/2/2011,bituminous,38.299
1/2/2011,anthracite,70.123
1/2/2011,oil,172.357
1/2/2011,LNG,112.916
1/1/2011,nuclear,3.559
1/1/2011,bituminous,39.255
1/1/2011,anthracite,68.016
1/1/2011,oil,164.193
1/1/2011,LNG,109.579
1/12/2010,nuclear,3.526
1/12/2010,bituminous,40.232
1/12/2010,anthracite,68.345
1/12/2010,oil,156.786
1/12/2010,LNG,108.144
1/11/2010,nuclear,3.496
1/11/2010,bituminous,41.189
1/11/2010,anthracite,71.273
1/11/2010,oil,161.869
1/11/2010,LNG,99.968
1/10/2010,nuclear,3.468
1/10/2010,bituminous,42.579
1/10/2010,anthracite,71.782
1/10/2010,oil,164.322
1/10/2010,LNG,107.009
1/9/2010,nuclear,3.439
1/9/2010,bituminous,40.876
1/9/2010,anthracite,72.577
1/9/2010,oil,166.825
1/9/2010,LNG,110.565
1/8/2010,nuclear,3.415
1/8/2010,bituminous,41.479
1/8/2010,anthracite,70.28
1/8/2010,oil,157.926
1/8/2010,LNG,117.967
1/7/2010,nuclear,3.383
1/7/2010,bituminous,37.946
1/7/2010,anthracite,65.021
1/7/2010,oil,163.16
1/7/2010,LNG,112.846
1/6/2010,nuclear,3.37
1/6/2010,bituminous,39.58
1/6/2010,anthracite,64.427
1/6/2010,oil,164.312
1/6/2010,LNG,110.205
1/5/2010,nuclear,3.362
1/5/2010,bituminous,38.424
1/5/2010,anthracite,65.242
1/5/2010,oil,165.361
1/5/2010,LNG,109.241
1/4/2010,nuclear,3.339
1/4/2010,bituminous,35.267
1/4/2010,anthracite,65.95
1/4/2010,oil,168.553
1/4/2010,LNG,101.393
1/3/2010,nuclear,3.309
1/3/2010,bituminous,37.712
1/3/2010,anthracite,72.332
1/3/2010,oil,168.511
1/3/2010,LNG,102.077
1/2/2010,nuclear,3.292
1/2/2010,bituminous,39.683
1/2/2010,anthracite,67.615
1/2/2010,oil,169.042
1/2/2010,LNG,107.675
1/1/2010,nuclear,3.27
1/1/2010,bituminous,38.976
1/1/2010,anthracite,72.566
1/1/2010,oil,159.84
1/1/2010,LNG,106.554
1/12/2009,nuclear,3.253
1/12/2009,bituminous,39.382
1/12/2009,anthracite,65.512
1/12/2009,oil,152.142
1/12/2009,LNG,99.871
1/11/2009,nuclear,3.249
1/11/2009,bituminous,40.45
1/11/2009,anthracite,59.391
1/11/2009,oil,152.921
1/11/2009,LNG,102.768
1/10/2009,nuclear,3.232
1/10/2009,bituminous,38.535
1/10/2009,anthracite,59.186
1/10/2009,oil,152.062
1/10/2009,LNG,93.585
1/9/2009,nuclear,3.217
1/9/2009,bituminous,40.305
1/9/2009,anthracite,63.114
1/9/2009,oil,155.361
1/9/2009,LNG,84.25
1/8/2009,nuclear,3.298
1/8/2009,bituminous,38.136
1/8/2009,anthracite,70.118
1/8/2009,oil,140.262
1/8/2009,LNG,91.187
1/7/2009,nuclear,3.275
1/7/2009,bituminous,41.11
1/7/2009,anthracite,64.741
1/7/2009,oil,139.445
1/7/2009,LNG,77.032
1/6/2009,nuclear,3.167
1/6/2009,bituminous,42.245
1/6/2009,anthracite,67.06
1/6/2009,oil,132.82
1/6/2009,LNG,86.052
1/5/2009,nuclear,3.164
1/5/2009,bituminous,49.989
1/5/2009,anthracite,71.419
1/5/2009,oil,130.16
1/5/2009,LNG,106.76
1/4/2009,nuclear,3.157824103
1/4/2009,bituminous,45.66260587
1/4/2009,anthracite,71.36162412
1/4/2009,oil,129.4435912
1/4/2009,LNG,123.9822171
1/3/2009,nuclear,3.176
1/3/2009,bituminous,48.916
1/3/2009,anthracite,76.371
1/3/2009,oil,125.566
1/3/2009,LNG,137.728
1/2/2009,nuclear,3.142044844
1/2/2009,bituminous,55.7523425
1/2/2009,anthracite,82.8987289
1/2/2009,oil,122.2137591
1/2/2009,LNG,170.2473731
1/1/2009,nuclear,3.1362
1/1/2009,bituminous,54.1714
1/1/2009,anthracite,90.5804
1/1/2009,oil,134.8438
1/1/2009,LNG,179.2199
1/12/2008,nuclear,3.131580241
1/12/2008,bituminous,46.44222759
1/12/2008,anthracite,92.25066826
1/12/2008,oil,188.0352308
1/12/2008,LNG,167.4672783
1/11/2008,nuclear,3.125712062
1/11/2008,bituminous,42.10392133
1/11/2008,anthracite,86.03772051
1/11/2008,oil,192.803027
1/11/2008,LNG,157.9670223
1/10/2008,nuclear,3.120740503
1/10/2008,bituminous,35.82987824
1/10/2008,anthracite,79.37977684
1/10/2008,oil,188.197305
1/10/2008,LNG,139.2664293
1/9/2008,nuclear,3.117366072
1/9/2008,bituminous,34.57146138
1/9/2008,anthracite,76.72963466
1/9/2008,oil,193.9643391
1/9/2008,LNG,134.3440326
1/8/2008,nuclear,3.110676555
1/8/2008,bituminous,33.80332689
1/8/2008,anthracite,76.19758613
1/8/2008,oil,168.5801987
1/8/2008,LNG,126.0797704
1/7/2008,nuclear,3.101911065
1/7/2008,bituminous,32.62268901
1/7/2008,anthracite,74.43545395
1/7/2008,oil,157.4248661
1/7/2008,LNG,123.4625613
1/6/2008,nuclear,3.098121195
1/6/2008,bituminous,30.76079409
1/6/2008,anthracite,69.62159841
1/6/2008,oil,144.2276484
1/6/2008,LNG,116.5715716
1/5/2008,nuclear,3.08
1/5/2008,bituminous,29.51
1/5/2008,anthracite,67.09
1/5/2008,oil,136.92
1/5/2008,LNG,102.82
1/4/2008,nuclear,3.08
1/4/2008,bituminous,26.59
1/4/2008,anthracite,68.79
1/4/2008,oil,128.16
1/4/2008,LNG,103.51
1/3/2008,nuclear,3.08
1/3/2008,bituminous,26.65
1/3/2008,anthracite,67.35
1/3/2008,oil,126.48
1/3/2008,LNG,99.89
1/2/2008,nuclear,3.07
1/2/2008,bituminous,23.79
1/2/2008,anthracite,62.29
1/2/2008,oil,124.49
1/2/2008,LNG,99.71
1/1/2008,nuclear,3.08
1/1/2008,bituminous,24.57
1/1/2008,anthracite,63.22
1/1/2008,oil,126.23
1/1/2008,LNG,91.96
1/12/2007,nuclear,3.08
1/12/2007,bituminous,22.94
1/12/2007,anthracite,60.52
1/12/2007,oil,117.02
1/12/2007,LNG,91.04
1/11/2007,nuclear,3.08
1/11/2007,bituminous,22.66
1/11/2007,anthracite,58.95
1/11/2007,oil,112.67
1/11/2007,LNG,86.64
1/10/2007,nuclear,3.08
1/10/2007,bituminous,21.77
1/10/2007,anthracite,58.74
1/10/2007,oil,110.84
1/10/2007,LNG,83.26
1/9/2007,nuclear,3.09
1/9/2007,bituminous,20.81
1/9/2007,anthracite,58.22
1/9/2007,oil,108.74
1/9/2007,LNG,80.75
1/8/2007,nuclear,3.09
1/8/2007,bituminous,20.23
1/8/2007,anthracite,62.98
1/8/2007,oil,100.44
1/8/2007,LNG,78.32
1/7/2007,nuclear,3.09
1/7/2007,bituminous,20.4
1/7/2007,anthracite,64.39
1/7/2007,oil,98.06
1/7/2007,LNG,76.92
1/6/2007,nuclear,3.09
1/6/2007,bituminous,19.75
1/6/2007,anthracite,64.52
1/6/2007,oil,96.07
1/6/2007,LNG,80.3
1/5/2007,nuclear,3.09
1/5/2007,bituminous,19.38
1/5/2007,anthracite,62.5
1/5/2007,oil,90.59
1/5/2007,LNG,79.03
1/4/2007,nuclear,3.09
1/4/2007,bituminous,18.72
1/4/2007,anthracite,61.34
1/4/2007,oil,89.81
1/4/2007,LNG,80.16
1/3/2007,nuclear,3.1
1/3/2007,bituminous,18.98
1/3/2007,anthracite,60.94
1/3/2007,oil,85.24
1/3/2007,LNG,86.75
1/2/2007,nuclear,3.11
1/2/2007,bituminous,19.13
1/2/2007,anthracite,56.34
1/2/2007,oil,85.47
1/2/2007,LNG,83.99
1/1/2007,nuclear,3.11
1/1/2007,bituminous,18.9
1/1/2007,anthracite,56.74
1/1/2007,oil,86.07
1/1/2007,LNG,87.55
1/12/2006,nuclear,3.11
1/12/2006,bituminous,19.33
1/12/2006,anthracite,57.41
1/12/2006,oil,89.63
1/12/2006,LNG,90.57
1/11/2006,nuclear,3.12
1/11/2006,bituminous,19.09
1/11/2006,anthracite,57.59
1/11/2006,oil,93.83
1/11/2006,LNG,90.71
1/10/2006,nuclear,3.12
1/10/2006,bituminous,19.13
1/10/2006,anthracite,59.59
1/10/2006,oil,98.75
1/10/2006,LNG,87.8
1/9/2006,nuclear,3.13
1/9/2006,bituminous,19.57
1/9/2006,anthracite,61.24
1/9/2006,oil,100.34
1/9/2006,LNG,84.04
1/8/2006,nuclear,3.14
1/8/2006,bituminous,18.64
1/8/2006,anthracite,60.92
1/8/2006,oil,99.99
1/8/2006,LNG,80.36
1/7/2006,nuclear,3.14
1/7/2006,bituminous,18.62
1/7/2006,anthracite,61.12
1/7/2006,oil,100.29
1/7/2006,LNG,77.57
1/6/2006,nuclear,3.14
1/6/2006,bituminous,18.97
1/6/2006,anthracite,60.63
1/6/2006,oil,100.99
1/6/2006,LNG,72.6
1/5/2006,nuclear,3.15
1/5/2006,bituminous,19.11
1/5/2006,anthracite,61.3
1/5/2006,oil,99.2
1/5/2006,LNG,80.17
1/4/2006,nuclear,3.16
1/4/2006,bituminous,19.78
1/4/2006,anthracite,59.99
1/4/2006,oil,97.59
1/4/2006,LNG,78.1
1/3/2006,nuclear,3.17
1/3/2006,bituminous,20.74
1/3/2006,anthracite,59.39
1/3/2006,oil,95.61
1/3/2006,LNG,79.48
1/2/2006,nuclear,3.17
1/2/2006,bituminous,21.81
1/2/2006,anthracite,58.95
1/2/2006,oil,93.01
1/2/2006,LNG,79.97
1/1/2006,nuclear,3.18
1/1/2006,bituminous,21.72
1/1/2006,anthracite,60.14
1/1/2006,oil,92.68
1/1/2006,LNG,83.86
1/12/2005,nuclear,3.18
1/12/2005,bituminous,21.89
1/12/2005,anthracite,60.87
1/12/2005,oil,93.87
1/12/2005,LNG,79.39
1/11/2005,nuclear,3.2
1/11/2005,bituminous,22.16
1/11/2005,anthracite,61.72
1/11/2005,oil,91.95
1/11/2005,LNG,79.01
1/10/2005,nuclear,3.21
1/10/2005,bituminous,21.79
1/10/2005,anthracite,56.78
1/10/2005,oil,88.01
1/10/2005,LNG,73.67
1/9/2005,nuclear,3.22
1/9/2005,bituminous,22.02
1/9/2005,anthracite,56.14
1/9/2005,oil,87.75
1/9/2005,LNG,69.66
1/8/2005,nuclear,3.24
1/8/2005,bituminous,21.29
1/8/2005,anthracite,54.82
1/8/2005,oil,83.27
1/8/2005,LNG,65.75
1/7/2005,nuclear,3.23
1/7/2005,bituminous,21.01
1/7/2005,anthracite,53.73
1/7/2005,oil,81.02
1/7/2005,LNG,62.65
1/6/2005,nuclear,3.23
1/6/2005,bituminous,20.96
1/6/2005,anthracite,54.01
1/6/2005,oil,74.86
1/6/2005,LNG,60.4
1/5/2005,nuclear,3.25
1/5/2005,bituminous,21.17
1/5/2005,anthracite,51.48
1/5/2005,oil,68.8
1/5/2005,LNG,60.63
1/4/2005,nuclear,3.24
1/4/2005,bituminous,20.32
1/4/2005,anthracite,50.9
1/4/2005,oil,63.49
1/4/2005,LNG,58.33
1/3/2005,nuclear,3.24
1/3/2005,bituminous,20.33
1/3/2005,anthracite,50.57
1/3/2005,oil,63.14
1/3/2005,LNG,64.56
1/2/2005,nuclear,3.21
1/2/2005,bituminous,21.21
1/2/2005,anthracite,50.61
1/2/2005,oil,67.26
1/2/2005,LNG,71.48
1/1/2005,nuclear,3.22
1/1/2005,bituminous,21.83
1/1/2005,anthracite,51.11
1/1/2005,oil,72.96
1/1/2005,LNG,71.77
1/12/2004,nuclear,3.193
1/12/2004,bituminous,22.682
1/12/2004,anthracite,52.149
1/12/2004,oil,76.432
1/12/2004,LNG,71.523
1/11/2004,nuclear,3.184
1/11/2004,bituminous,21.952
1/11/2004,anthracite,49.904
1/11/2004,oil,69.507
1/11/2004,LNG,67.722
1/10/2004,nuclear,3.179
1/10/2004,bituminous,21.47
1/10/2004,anthracite,50.398
1/10/2004,oil,69.963
1/10/2004,LNG,65.324
1/9/2004,nuclear,3.218
1/9/2004,bituminous,22.032
1/9/2004,anthracite,50.315
1/9/2004,oil,67.77
1/9/2004,LNG,65.266
1/8/2004,nuclear,3.176
1/8/2004,bituminous,21.144
1/8/2004,anthracite,48.909
1/8/2004,oil,67.24
1/8/2004,LNG,60.168
1/7/2004,nuclear,3.302
1/7/2004,bituminous,20.006
1/7/2004,anthracite,49.975
1/7/2004,oil,68.761
1/7/2004,LNG,58.277
1/6/2004,nuclear,3.32
1/6/2004,bituminous,19.472
1/6/2004,anthracite,49.307
1/6/2004,oil,64.931
1/6/2004,LNG,56.033
1/5/2004,nuclear,3.342
1/5/2004,bituminous,18.517
1/5/2004,anthracite,48.494
1/5/2004,oil,64.073
1/5/2004,LNG,55.894
1/4/2004,nuclear,3.343
1/4/2004,bituminous,18.687
1/4/2004,anthracite,48.333
1/4/2004,oil,63.618
1/4/2004,LNG,56.043
1/3/2004,nuclear,3.287
1/3/2004,bituminous,17.781
1/3/2004,anthracite,48.956
1/3/2004,oil,64.163
1/3/2004,LNG,59.33
1/2/2004,nuclear,3.267
1/2/2004,bituminous,15.795
1/2/2004,anthracite,48.391
1/2/2004,oil,63.614
1/2/2004,LNG,59.236
1/1/2004,nuclear,3.268
1/1/2004,bituminous,13.968
1/1/2004,anthracite,47.102
1/1/2004,oil,62.512
1/1/2004,LNG,57.462
1/12/2003,nuclear,3.29
1/12/2003,bituminous,13.136
1/12/2003,anthracite,47.778
1/12/2003,oil,60.127
1/12/2003,LNG,59.277
1/11/2003,nuclear,3.295
1/11/2003,bituminous,13.169
1/11/2003,anthracite,48.436
1/11/2003,oil,59.478
1/11/2003,LNG,58.469
1/10/2003,nuclear,3.285
1/10/2003,bituminous,12.678
1/10/2003,anthracite,48.714
1/10/2003,oil,60.165
1/10/2003,LNG,60.424
1/9/2003,nuclear,3.341
1/9/2003,bituminous,12.436
1/9/2003,anthracite,49.142
1/9/2003,oil,60.922
1/9/2003,LNG,60.126
1/8/2003,nuclear,3.357
1/8/2003,bituminous,12.028
1/8/2003,anthracite,48.717
1/8/2003,oil,63.2
1/8/2003,LNG,55.217
1/7/2003,nuclear,3.388
1/7/2003,bituminous,12.378
1/7/2003,anthracite,48.659
1/7/2003,oil,65.863
1/7/2003,LNG,58.911
1/6/2003,nuclear,3.4
1/6/2003,bituminous,13.102
1/6/2003,anthracite,48.791
1/6/2003,oil,67.399
1/6/2003,LNG,59.038
1/5/2003,nuclear,3.415
1/5/2003,bituminous,13.401
1/5/2003,anthracite,50.357
1/5/2003,oil,70.768
1/5/2003,LNG,57.596
1/4/2003,nuclear,3.437
1/4/2003,bituminous,12.826
1/4/2003,anthracite,51.311
1/4/2003,oil,68.923
1/4/2003,LNG,57.94
1/3/2003,nuclear,3.459
1/3/2003,bituminous,12.467
1/3/2003,anthracite,51.092
1/3/2003,oil,65.339
1/3/2003,LNG,58.337
1/2/2003,nuclear,3.465
1/2/2003,bituminous,12.473
1/2/2003,anthracite,47.433
1/2/2003,oil,60.875
1/2/2003,LNG,59.95
1/1/2003,nuclear,3.461
1/1/2003,bituminous,12.563
1/1/2003,anthracite,45.545
1/1/2003,oil,60.936
1/1/2003,LNG,61.638
1/12/2002,nuclear,3.476
1/12/2002,bituminous,12.606
1/12/2002,anthracite,46.185
1/12/2002,oil,60.752
1/12/2002,LNG,57.773
1/11/2002,nuclear,3.472
1/11/2002,bituminous,12.862
1/11/2002,anthracite,46.336
1/11/2002,oil,57.676
1/11/2002,LNG,52.875
1/10/2002,nuclear,3.477
1/10/2002,bituminous,12.912
1/10/2002,anthracite,45.066
1/10/2002,oil,55.171
1/10/2002,LNG,50.612
1/9/2002,nuclear,3.479
1/9/2002,bituminous,13.628
1/9/2002,anthracite,44.068
1/9/2002,oil,54.139
1/9/2002,LNG,50.892
1/8/2002,nuclear,3.507
1/8/2002,bituminous,14.215
1/8/2002,anthracite,44.568
1/8/2002,oil,55.236
1/8/2002,LNG,51.147
1/7/2002,nuclear,3.555
1/7/2002,bituminous,15.276
1/7/2002,anthracite,44.733
1/7/2002,oil,55.589
1/7/2002,LNG,51.955
1/6/2002,nuclear,3.571
1/6/2002,bituminous,15.448
1/6/2002,anthracite,45.395
1/6/2002,oil,53.761
1/6/2002,LNG,53.008
1/5/2002,nuclear,3.564
1/5/2002,bituminous,15.681
1/5/2002,anthracite,44.283
1/5/2002,oil,49.379
1/5/2002,LNG,54.961
1/4/2002,nuclear,3.573
1/4/2002,bituminous,15.516
1/4/2002,anthracite,42.81
1/4/2002,oil,46.434
1/4/2002,LNG,54.199
1/3/2002,nuclear,3.614
1/3/2002,bituminous,15.542
1/3/2002,anthracite,42.81
1/3/2002,oil,46.376
1/3/2002,LNG,57.588
1/2/2002,nuclear,3.619
1/2/2002,bituminous,15.273
1/2/2002,anthracite,42.422
1/2/2002,oil,48.842
1/2/2002,LNG,60.854
1/1/2002,nuclear,3.602
1/1/2002,bituminous,14.984
1/1/2002,anthracite,45.621
1/1/2002,oil,54.763
1/1/2002,LNG,63.152
1/12/2001,nuclear,3.604
1/12/2001,bituminous,14.883
1/12/2001,anthracite,46.128
1/12/2001,oil,58.158
1/12/2001,LNG,64.369
1/11/2001,nuclear,3.597
1/11/2001,bituminous,14.882
1/11/2001,anthracite,47.129
1/11/2001,oil,56.766
1/11/2001,LNG,61.643
1/10/2001,nuclear,3.611
1/10/2001,bituminous,14.679
1/10/2001,anthracite,48.285
1/10/2001,oil,56.674
1/10/2001,LNG,60.756
1/9/2001,nuclear,3.571
1/9/2001,bituminous,14.879
1/9/2001,anthracite,47.937
1/9/2001,oil,56.672
1/9/2001,LNG,59.221
1/8/2001,nuclear,3.584
1/8/2001,bituminous,15.098
1/8/2001,anthracite,47.372
1/8/2001,oil,57.31
1/8/2001,LNG,60.959
1/7/2001,nuclear,3.632
1/7/2001,bituminous,15.109
1/7/2001,anthracite,46.156
1/7/2001,oil,56.313
1/7/2001,LNG,63.529
1/6/2001,nuclear,3.412
1/6/2001,bituminous,13.898
1/6/2001,anthracite,46.624
1/6/2001,oil,58.53
1/6/2001,LNG,66.791
1/5/2001,nuclear,3.412
1/5/2001,bituminous,14.209
1/5/2001,anthracite,45.223
1/5/2001,oil,56.151
1/5/2001,LNG,65.853
1/4/2001,nuclear,3.412
1/4/2001,bituminous,13.662
1/4/2001,anthracite,46.169
1/4/2001,oil,56.162
1/4/2001,LNG,66.682
