name,bus0,bus1,marginal_cost
0,0,1,0.1
1,3,3,0.1
2,51,4,0.1
3,5,6,0.1
4,6,7,0.1
5,8,9,0.1
6,8,10,0.1
7,11,12,0.1
8,13,14,0.1
9,15,16,0.1
10,17,18,0.1
11,18,19,0.1
12,9,20,0.1
13,21,11,0.1
14,22,23,0.1
15,24,25,0.1
16,25,26,0.1
17,26,27,0.1
18,26,26,0.1
19,28,28,0.1
20,28,28,0.1
21,28,28,0.1
22,28,28,0.1
23,29,30,0.1
24,31,29,0.1
25,32,32,0.1
26,33,33,0.1
27,33,33,0.1
28,34,32,0.1
29,32,33,0.1
30,32,35,0.1
31,35,35,0.1
32,36,36,0.1
33,35,37,0.1
34,38,38,0.1
35,107,39,0.1
36,38,38,0.1
37,38,36,0.1
38,38,63,0.1
39,38,37,0.1
40,41,41,0.1
41,41,38,0.1
42,42,42,0.1
43,42,43,0.1
44,42,42,0.1
45,42,42,0.1
46,42,42,0.1
47,42,42,0.1
48,42,42,0.1
49,42,42,0.1
50,42,42,0.1
51,42,42,0.1
52,42,42,0.1
53,42,44,0.1
54,45,46,0.1
55,42,42,0.1
56,47,47,0.1
57,47,47,0.1
58,47,47,0.1
59,47,48,0.1
60,47,47,0.1
61,47,49,0.1
62,47,47,0.1
63,47,0,0.1
64,47,47,0.1
65,47,47,0.1
66,47,0,0.1
67,47,47,0.1
68,50,51,0.1
69,8,52,0.1
70,16,8,0.1
71,16,8,0.1
72,8,53,0.1
73,10,54,0.1
74,10,51,0.1
75,55,14,0.1
76,55,55,0.1
77,56,55,0.1
78,55,55,0.1
79,19,19,0.1
80,9,19,0.1
81,57,12,0.1
82,58,59,0.1
83,11,24,0.1
84,60,61,0.1
85,62,38,0.1
86,63,63,0.1
87,62,63,0.1
88,64,59,0.1
89,65,27,0.1
90,66,5,0.1
91,27,67,0.1
92,21,5,0.1
93,1,21,0.1
94,152,21,0.1
95,68,152,0.1
96,152,152,0.1
97,21,152,0.1
98,69,70,0.1
99,65,65,0.1
100,64,64,0.1
101,71,67,0.1
102,72,57,0.1
103,73,74,0.1
104,75,76,0.1
105,77,78,0.1
106,40,40,0.1
107,40,40,0.1
108,40,79,0.1
109,40,62,0.1
110,41,40,0.1
111,41,41,0.1
112,41,41,0.1
113,42,80,0.1
114,81,82,0.1
115,83,84,0.1
116,84,86,0.1
117,87,88,0.1
118,89,87,0.1
119,85,90,0.1
120,90,90,0.1
121,90,90,0.1
122,87,91,0.1
123,2,2,0.1
124,88,88,0.1
125,88,88,0.1
126,88,86,0.1
127,3,3,0.1
128,3,3,0.1
129,3,93,0.1
130,3,93,0.1
131,2,2,0.1
132,94,2,0.1
133,2,95,0.1
134,96,2,0.1
135,97,2,0.1
136,98,99,0.1
137,100,101,0.1
138,68,68,0.1
139,68,68,0.1
140,101,101,0.1
141,2,102,0.1
142,178,316,0.1
143,68,64,0.1
144,64,178,0.1
145,68,68,0.1
146,68,68,0.1
147,68,68,0.1
148,68,68,0.1
149,68,68,0.1
150,68,68,0.1
151,68,68,0.1
152,68,68,0.1
153,68,68,0.1
154,68,68,0.1
155,68,68,0.1
156,68,68,0.1
157,68,68,0.1
158,68,178,0.1
159,316,68,0.1
160,68,178,0.1
161,64,64,0.1
162,53,53,0.1
163,53,53,0.1
164,53,103,0.1
165,8,8,0.1
166,8,8,0.1
167,8,8,0.1
168,16,16,0.1
169,16,16,0.1
170,52,52,0.1
171,8,8,0.1
172,8,8,0.1
173,8,8,0.1
174,8,8,0.1
175,8,8,0.1
176,8,8,0.1
177,8,8,0.1
178,52,16,0.1
179,104,53,0.1
180,101,101,0.1
181,101,101,0.1
182,10,10,0.1
183,10,10,0.1
184,101,101,0.1
185,10,10,0.1
186,10,10,0.1
187,105,106,0.1
188,36,92,0.1
189,36,36,0.1
190,36,36,0.1
191,93,93,0.1
192,36,36,0.1
193,93,93,0.1
194,36,36,0.1
195,92,92,0.1
196,92,92,0.1
197,92,92,0.1
198,92,92,0.1
199,36,36,0.1
200,93,93,0.1
201,93,93,0.1
202,36,36,0.1
203,38,107,0.1
204,38,38,0.1
205,108,109,0.1
206,92,110,0.1
207,93,93,0.1
208,93,93,0.1
209,97,111,0.1
210,112,97,0.1
211,93,113,0.1
212,32,32,0.1
213,32,32,0.1
214,73,34,0.1
215,35,33,0.1
216,32,32,0.1
217,32,32,0.1
218,32,32,0.1
219,32,32,0.1
220,33,33,0.1
221,33,33,0.1
222,2,2,0.1
223,2,2,0.1
224,2,2,0.1
225,2,2,0.1
226,2,2,0.1
227,2,2,0.1
228,2,2,0.1
229,114,32,0.1
230,2,2,0.1
231,2,2,0.1
232,2,2,0.1
233,2,2,0.1
234,2,2,0.1
235,2,2,0.1
236,2,2,0.1
237,96,115,0.1
238,97,97,0.1
239,97,97,0.1
240,97,97,0.1
241,97,97,0.1
242,97,97,0.1
243,97,97,0.1
244,97,97,0.1
245,97,97,0.1
246,6,6,0.1
247,110,110,0.1
248,6,6,0.1
249,97,97,0.1
250,110,110,0.1
251,6,6,0.1
252,6,6,0.1
253,6,6,0.1
254,6,6,0.1
255,36,37,0.1
256,10,116,0.1
257,64,64,0.1
258,21,21,0.1
259,21,21,0.1
260,64,64,0.1
261,10,10,0.1
262,10,10,0.1
263,6,6,0.1
264,110,110,0.1
265,110,117,0.1
266,97,118,0.1
267,43,119,0.1
268,43,43,0.1
269,43,43,0.1
270,43,43,0.1
271,43,43,0.1
272,43,43,0.1
273,43,43,0.1
274,43,120,0.1
275,121,122,0.1
276,119,119,0.1
277,119,119,0.1
278,119,119,0.1
279,119,119,0.1
280,44,119,0.1
281,111,119,0.1
282,104,80,0.1
283,80,80,0.1
284,80,80,0.1
285,111,111,0.1
286,111,123,0.1
287,111,111,0.1
288,111,111,0.1
289,111,111,0.1
290,124,124,0.1
291,124,124,0.1
292,125,124,0.1
293,111,111,0.1
294,111,111,0.1
295,111,111,0.1
296,111,111,0.1
297,111,111,0.1
298,111,111,0.1
299,111,111,0.1
300,111,111,0.1
301,111,111,0.1
302,126,123,0.1
303,123,123,0.1
304,123,123,0.1
305,123,123,0.1
306,123,123,0.1
307,123,123,0.1
308,126,127,0.1
309,123,123,0.1
310,128,123,0.1
311,123,230,0.1
312,62,230,0.1
313,129,63,0.1
314,111,130,0.1
315,62,62,0.1
316,62,62,0.1
317,63,131,0.1
318,40,40,0.1
319,63,131,0.1
320,111,111,0.1
321,124,124,0.1
322,124,124,0.1
323,40,40,0.1
324,124,124,0.1
325,124,124,0.1
326,124,124,0.1
327,40,40,0.1
328,40,40,0.1
329,111,111,0.1
330,63,63,0.1
331,124,124,0.1
332,40,40,0.1
333,124,124,0.1
334,124,124,0.1
335,230,124,0.1
336,124,124,0.1
337,119,132,0.1
338,43,43,0.1
339,43,43,0.1
340,43,43,0.1
341,43,43,0.1
342,43,43,0.1
343,43,43,0.1
344,43,43,0.1
345,43,43,0.1
346,43,43,0.1
347,43,43,0.1
348,43,133,0.1
349,134,134,0.1
350,134,134,0.1
351,119,119,0.1
352,119,119,0.1
353,119,119,0.1
354,43,43,0.1
355,134,134,0.1
356,134,134,0.1
357,119,119,0.1
358,43,43,0.1
359,134,77,0.1
360,130,134,0.1
361,134,134,0.1
362,135,135,0.1
363,136,136,0.1
364,134,134,0.1
365,136,136,0.1
366,136,136,0.1
367,136,136,0.1
368,134,134,0.1
369,134,134,0.1
370,134,134,0.1
371,136,136,0.1
372,53,53,0.1
373,134,134,0.1
374,134,134,0.1
375,134,134,0.1
376,53,53,0.1
377,134,134,0.1
378,134,132,0.1
379,137,243,0.1
380,138,139,0.1
381,8,135,0.1
382,140,141,0.1
383,132,142,0.1
384,132,143,0.1
385,135,140,0.1
386,53,144,0.1
387,124,124,0.1
388,124,124,0.1
389,111,145,0.1
390,124,124,0.1
391,124,124,0.1
392,124,124,0.1
393,124,124,0.1
394,124,124,0.1
395,111,111,0.1
396,128,128,0.1
397,124,124,0.1
398,124,124,0.1
399,124,124,0.1
400,124,124,0.1
401,124,124,0.1
402,124,124,0.1
403,124,124,0.1
404,146,147,0.1
405,134,134,0.1
406,134,134,0.1
407,134,134,0.1
408,134,134,0.1
409,134,134,0.1
410,134,148,0.1
411,124,124,0.1
412,134,134,0.1
413,134,132,0.1
414,128,149,0.1
415,150,111,0.1
416,124,124,0.1
417,151,111,0.1
418,124,124,0.1
419,152,316,0.1
420,152,152,0.1
421,64,178,0.1
422,152,316,0.1
423,152,152,0.1
424,316,152,0.1
425,152,152,0.1
426,64,64,0.1
427,152,152,0.1
428,316,316,0.1
429,152,152,0.1
430,316,316,0.1
431,316,316,0.1
432,64,64,0.1
433,316,316,0.1
434,64,64,0.1
435,178,178,0.1
436,64,64,0.1
437,64,64,0.1
438,152,152,0.1
439,178,178,0.1
440,64,64,0.1
441,64,64,0.1
442,64,64,0.1
443,64,64,0.1
444,64,64,0.1
445,152,152,0.1
446,64,64,0.1
447,152,152,0.1
448,152,152,0.1
449,153,178,0.1
450,64,64,0.1
451,322,64,0.1
452,38,38,0.1
453,316,316,0.1
454,316,316,0.1
455,27,27,0.1
456,79,79,0.1
457,27,27,0.1
458,27,27,0.1
459,27,27,0.1
460,27,27,0.1
461,79,79,0.1
462,5,27,0.1
463,38,38,0.1
464,38,38,0.1
465,38,38,0.1
466,38,38,0.1
467,38,38,0.1
468,38,38,0.1
469,38,38,0.1
470,38,38,0.1
471,316,316,0.1
472,38,38,0.1
473,38,38,0.1
474,65,154,0.1
475,10,10,0.1
476,116,116,0.1
477,15,15,0.1
478,15,15,0.1
479,15,15,0.1
480,116,116,0.1
481,116,116,0.1
482,116,116,0.1
483,116,116,0.1
484,15,15,0.1
485,116,116,0.1
486,116,116,0.1
487,116,116,0.1
488,116,116,0.1
489,116,116,0.1
490,10,10,0.1
491,155,116,0.1
492,116,156,0.1
493,116,116,0.1
494,116,116,0.1
495,116,116,0.1
496,116,116,0.1
497,10,10,0.1
498,116,116,0.1
499,116,154,0.1
500,4,4,0.1
501,157,158,0.1
502,18,18,0.1
503,12,159,0.1
504,12,12,0.1
505,12,12,0.1
506,152,152,0.1
507,152,68,0.1
508,316,316,0.1
509,152,152,0.1
510,68,68,0.1
511,167,68,0.1
512,167,68,0.1
513,152,152,0.1
514,234,234,0.1
515,234,1,0.1
516,165,165,0.1
517,160,165,0.1
518,160,165,0.1
519,74,161,0.1
520,74,49,0.1
521,74,74,0.1
522,74,74,0.1
523,74,74,0.1
524,74,74,0.1
525,74,74,0.1
526,74,74,0.1
527,27,27,0.1
528,162,103,0.1
529,101,101,0.1
530,27,27,0.1
531,27,27,0.1
532,11,11,0.1
533,11,11,0.1
534,27,27,0.1
535,27,27,0.1
536,65,65,0.1
537,27,27,0.1
538,27,27,0.1
539,11,11,0.1
540,27,27,0.1
541,11,11,0.1
542,65,65,0.1
543,27,27,0.1
544,27,27,0.1
545,101,103,0.1
546,27,11,0.1
547,101,163,0.1
548,65,65,0.1
549,164,164,0.1
550,68,165,0.1
551,165,165,0.1
552,30,30,0.1
553,165,164,0.1
554,165,165,0.1
555,165,165,0.1
556,164,164,0.1
557,166,167,0.1
558,1,1,0.1
559,1,1,0.1
560,1,1,0.1
561,1,1,0.1
562,1,1,0.1
563,1,1,0.1
564,168,1,0.1
565,92,92,0.1
566,36,36,0.1
567,114,2,0.1
568,120,120,0.1
569,120,120,0.1
570,29,29,0.1
571,120,120,0.1
572,120,120,0.1
573,29,29,0.1
574,32,32,0.1
575,32,32,0.1
576,2,2,0.1
577,169,92,0.1
578,2,114,0.1
579,29,170,0.1
580,77,120,0.1
581,32,32,0.1
582,161,161,0.1
583,161,171,0.1
584,171,171,0.1
585,172,171,0.1
586,234,234,0.1
587,167,167,0.1
588,167,167,0.1
589,68,68,0.1
590,167,167,0.1
591,174,174,0.1
592,173,174,0.1
593,174,175,0.1
594,175,161,0.1
595,68,174,0.1
596,171,171,0.1
597,160,23,0.1
598,23,160,0.1
599,23,23,0.1
600,171,171,0.1
601,165,165,0.1
602,171,171,0.1
603,23,23,0.1
604,55,55,0.1
605,165,165,0.1
606,164,164,0.1
607,171,171,0.1
608,176,177,0.1
609,23,23,0.1
610,55,55,0.1
611,164,164,0.1
612,23,23,0.1
613,171,171,0.1
614,171,171,0.1
615,171,171,0.1
616,152,152,0.1
617,1,1,0.1
618,1,1,0.1
619,160,160,0.1
620,165,165,0.1
621,171,177,0.1
622,160,23,0.1
623,160,23,0.1
624,160,160,0.1
625,23,23,0.1
626,160,160,0.1
627,178,178,0.1
628,178,178,0.1
629,178,178,0.1
630,178,178,0.1
631,64,179,0.1
632,64,64,0.1
633,178,178,0.1
634,4,4,0.1
635,4,50,0.1
636,180,180,0.1
637,181,182,0.1
638,183,183,0.1
639,183,183,0.1
640,183,183,0.1
641,183,183,0.1
642,184,184,0.1
643,184,184,0.1
644,183,183,0.1
645,184,184,0.1
646,183,183,0.1
647,183,183,0.1
648,183,183,0.1
649,183,183,0.1
650,183,183,0.1
651,183,183,0.1
652,184,184,0.1
653,183,183,0.1
654,183,97,0.1
655,183,183,0.1
656,123,181,0.1
657,3,183,0.1
658,181,184,0.1
659,180,183,0.1
660,123,185,0.1
661,97,94,0.1
662,94,94,0.1
663,184,180,0.1
664,183,183,0.1
665,3,94,0.1
666,30,30,0.1
667,30,30,0.1
668,30,30,0.1
669,30,30,0.1
670,30,30,0.1
671,186,30,0.1
672,30,30,0.1
673,166,166,0.1
674,166,166,0.1
675,30,30,0.1
676,30,187,0.1
677,186,412,0.1
678,189,30,0.1
679,68,68,0.1
680,174,174,0.1
681,68,68,0.1
682,68,68,0.1
683,174,174,0.1
684,174,174,0.1
685,68,68,0.1
686,68,68,0.1
687,174,174,0.1
688,68,68,0.1
689,174,174,0.1
690,234,234,0.1
691,174,174,0.1
692,234,234,0.1
693,234,234,0.1
694,174,174,0.1
695,174,174,0.1
696,68,68,0.1
697,234,234,0.1
698,292,64,0.1
699,190,190,0.1
700,190,190,0.1
701,62,190,0.1
702,63,109,0.1
703,63,63,0.1
704,63,63,0.1
705,40,40,0.1
706,80,191,0.1
707,40,40,0.1
708,40,40,0.1
709,80,104,0.1
710,40,40,0.1
711,80,80,0.1
712,80,80,0.1
713,80,80,0.1
714,80,80,0.1
715,40,40,0.1
716,133,133,0.1
717,80,80,0.1
718,133,143,0.1
719,2,2,0.1
720,2,2,0.1
721,2,2,0.1
722,2,2,0.1
723,165,165,0.1
724,165,165,0.1
725,2,2,0.1
726,165,165,0.1
727,165,165,0.1
728,165,165,0.1
729,165,165,0.1
730,165,165,0.1
731,165,165,0.1
732,165,165,0.1
733,165,165,0.1
734,165,165,0.1
735,165,165,0.1
736,165,165,0.1
737,165,165,0.1
738,165,165,0.1
739,165,165,0.1
740,192,2,0.1
741,2,2,0.1
742,2,2,0.1
743,2,2,0.1
744,2,2,0.1
745,2,2,0.1
746,2,2,0.1
747,2,2,0.1
748,2,2,0.1
749,2,2,0.1
750,2,2,0.1
751,2,2,0.1
752,2,2,0.1
753,2,2,0.1
754,2,2,0.1
755,2,2,0.1
756,38,38,0.1
757,38,38,0.1
758,38,38,0.1
759,38,38,0.1
760,38,38,0.1
761,38,38,0.1
762,39,38,0.1
763,38,38,0.1
764,107,107,0.1
765,38,38,0.1
766,38,38,0.1
767,38,38,0.1
768,38,38,0.1
769,38,38,0.1
770,172,171,0.1
771,172,172,0.1
772,193,194,0.1
773,193,193,0.1
774,193,172,0.1
775,7,28,0.1
776,195,316,0.1
777,7,19,0.1
778,7,195,0.1
779,195,153,0.1
780,152,21,0.1
781,64,64,0.1
782,67,67,0.1
783,178,178,0.1
784,67,67,0.1
785,178,178,0.1
786,67,67,0.1
787,178,178,0.1
788,178,178,0.1
789,178,178,0.1
790,67,67,0.1
791,178,178,0.1
792,67,67,0.1
793,67,67,0.1
794,178,178,0.1
795,67,67,0.1
796,178,178,0.1
797,316,7,0.1
798,5,67,0.1
799,5,5,0.1
800,152,152,0.1
801,64,64,0.1
802,64,64,0.1
803,53,104,0.1
804,257,257,0.1
805,257,257,0.1
806,257,257,0.1
807,257,257,0.1
808,257,257,0.1
809,4,156,0.1
810,4,4,0.1
811,61,61,0.1
812,61,61,0.1
813,61,61,0.1
814,61,61,0.1
815,61,61,0.1
816,61,61,0.1
817,61,196,0.1
818,61,61,0.1
819,92,92,0.1
820,113,113,0.1
821,131,131,0.1
822,93,93,0.1
823,131,131,0.1
824,92,92,0.1
825,93,93,0.1
826,40,40,0.1
827,93,93,0.1
828,131,131,0.1
829,40,40,0.1
830,93,93,0.1
831,105,106,0.1
832,106,92,0.1
833,93,105,0.1
834,92,92,0.1
835,105,93,0.1
836,113,197,0.1
837,93,93,0.1
838,105,105,0.1
839,32,32,0.1
840,32,198,0.1
841,109,108,0.1
842,36,36,0.1
843,108,36,0.1
844,109,109,0.1
845,36,36,0.1
846,199,199,0.1
847,199,199,0.1
848,199,199,0.1
849,199,199,0.1
850,199,199,0.1
851,199,199,0.1
852,199,199,0.1
853,199,199,0.1
854,200,148,0.1
855,145,201,0.1
856,202,202,0.1
857,202,202,0.1
858,202,202,0.1
859,76,76,0.1
860,149,202,0.1
861,149,149,0.1
862,74,203,0.1
863,204,78,0.1
864,205,205,0.1
865,204,204,0.1
866,204,204,0.1
867,204,204,0.1
868,78,206,0.1
869,204,204,0.1
870,204,204,0.1
871,204,204,0.1
872,77,207,0.1
873,78,78,0.1
874,78,78,0.1
875,78,78,0.1
876,78,78,0.1
877,74,208,0.1
878,78,209,0.1
879,209,207,0.1
880,114,2,0.1
881,171,171,0.1
882,234,210,0.1
883,1,1,0.1
884,152,68,0.1
885,152,68,0.1
886,68,68,0.1
887,211,212,0.1
888,211,211,0.1
889,211,211,0.1
890,211,211,0.1
891,211,211,0.1
892,211,211,0.1
893,211,211,0.1
894,211,211,0.1
895,211,45,0.1
896,211,211,0.1
897,213,32,0.1
898,123,123,0.1
899,74,214,0.1
900,215,216,0.1
901,215,175,0.1
902,216,217,0.1
903,152,152,0.1
904,68,68,0.1
905,28,28,0.1
906,218,219,0.1
907,120,220,0.1
908,220,221,0.1
909,217,218,0.1
910,218,222,0.1
911,120,120,0.1
912,220,133,0.1
913,120,133,0.1
914,223,224,0.1
915,349,92,0.1
916,221,221,0.1
917,221,221,0.1
918,221,221,0.1
919,221,225,0.1
920,225,225,0.1
921,221,226,0.1
922,227,80,0.1
923,228,229,0.1
924,221,221,0.1
925,211,43,0.1
926,225,228,0.1
927,68,68,0.1
928,292,292,0.1
929,180,41,0.1
930,23,23,0.1
931,74,74,0.1
932,124,129,0.1
933,124,129,0.1
934,230,124,0.1
935,129,129,0.1
936,127,127,0.1
937,124,127,0.1
938,28,153,0.1
939,153,9,0.1
940,153,153,0.1
941,68,68,0.1
942,231,231,0.1
943,231,231,0.1
944,231,231,0.1
945,231,232,0.1
946,231,233,0.1
947,234,234,0.1
948,234,234,0.1
949,123,235,0.1
950,127,185,0.1
951,128,123,0.1
952,236,236,0.1
953,76,202,0.1
954,152,152,0.1
955,178,178,0.1
956,160,160,0.1
957,19,9,0.1
958,7,7,0.1
959,92,92,0.1
960,237,238,0.1
961,159,239,0.1
962,240,159,0.1
963,159,158,0.1
964,68,165,0.1
965,147,134,0.1
966,241,242,0.1
967,243,237,0.1
968,243,143,0.1
969,243,243,0.1
970,237,244,0.1
971,136,243,0.1
972,238,245,0.1
973,245,245,0.1
974,92,92,0.1
975,161,161,0.1
976,246,161,0.1
977,25,18,0.1
978,64,64,0.1
979,64,64,0.1
980,64,179,0.1
981,247,248,0.1
982,245,207,0.1
983,207,207,0.1
984,249,70,0.1
985,221,212,0.1
986,68,68,0.1
987,23,23,0.1
988,38,38,0.1
989,38,38,0.1
990,211,211,0.1
991,250,250,0.1
992,38,38,0.1
993,38,39,0.1
994,15,15,0.1
995,251,251,0.1
996,95,114,0.1
997,248,252,0.1
998,253,254,0.1
999,255,253,0.1
1000,253,253,0.1
1001,253,256,0.1
1002,253,253,0.1
1003,253,253,0.1
1004,253,253,0.1
1005,255,252,0.1
1006,24,24,0.1
1007,24,257,0.1
1008,21,21,0.1
1009,21,21,0.1
1010,21,21,0.1
1011,21,21,0.1
1012,258,259,0.1
1013,260,258,0.1
1014,260,260,0.1
1015,92,92,0.1
1016,92,261,0.1
1017,7,7,0.1
1018,58,59,0.1
1019,262,262,0.1
1020,59,64,0.1
1021,263,264,0.1
1022,263,265,0.1
1023,263,266,0.1
1024,39,39,0.1
1025,39,39,0.1
1026,41,108,0.1
1027,41,41,0.1
1028,41,41,0.1
1029,41,41,0.1
1030,41,41,0.1
1031,179,292,0.1
1032,292,292,0.1
1033,34,34,0.1
1034,9,9,0.1
1035,19,19,0.1
1036,9,9,0.1
1037,18,9,0.1
1038,254,209,0.1
1039,267,268,0.1
1040,269,269,0.1
1041,269,121,0.1
1042,269,270,0.1
1043,271,272,0.1
1044,64,64,0.1
1045,152,152,0.1
1046,41,41,0.1
1047,210,273,0.1
1048,68,68,0.1
1049,86,86,0.1
1050,88,88,0.1
1051,87,87,0.1
1052,87,87,0.1
1053,274,274,0.1
1054,274,275,0.1
1055,219,275,0.1
1056,276,274,0.1
1057,152,152,0.1
1058,11,116,0.1
1059,11,11,0.1
1060,9,178,0.1
1061,277,278,0.1
1062,7,7,0.1
1063,279,280,0.1
1064,281,258,0.1
1065,147,147,0.1
1066,234,234,0.1
1067,316,316,0.1
1068,178,64,0.1
1069,178,322,0.1
1070,84,282,0.1
1071,28,153,0.1
1072,47,264,0.1
1073,283,74,0.1
1074,284,283,0.1
1075,284,285,0.1
1076,284,286,0.1
1077,21,21,0.1
1078,95,192,0.1
1079,144,144,0.1
1080,234,168,0.1
1081,234,187,0.1
1082,187,164,0.1
1083,165,165,0.1
1084,287,288,0.1
1085,43,43,0.1
1086,43,43,0.1
1087,144,53,0.1
1088,192,192,0.1
1089,192,192,0.1
1090,92,92,0.1
1091,92,92,0.1
1092,171,260,0.1
1093,289,289,0.1
1094,0,0,0.1
1095,21,21,0.1
1096,112,180,0.1
1097,4,116,0.1
1098,161,290,0.1
1099,161,161,0.1
1100,73,73,0.1
1101,192,192,0.1
1102,192,192,0.1
1103,192,192,0.1
1104,192,192,0.1
1105,95,291,0.1
1106,187,30,0.1
1107,27,11,0.1
1108,47,47,0.1
1109,47,47,0.1
1110,47,47,0.1
1111,47,47,0.1
1112,1,1,0.1
1113,1,1,0.1
1114,30,30,0.1
1115,30,30,0.1
1116,30,30,0.1
1117,30,30,0.1
1118,30,30,0.1
1119,324,292,0.1
1120,292,292,0.1
1121,293,111,0.1
1122,294,295,0.1
1123,294,294,0.1
1124,294,294,0.1
1125,2,2,0.1
1126,2,2,0.1
1127,2,114,0.1
1128,33,35,0.1
1129,39,35,0.1
1130,38,38,0.1
1131,127,127,0.1
1132,124,127,0.1
1133,124,124,0.1
1134,190,190,0.1
1135,190,190,0.1
1136,10,98,0.1
1137,180,99,0.1
1138,93,112,0.1
1139,296,98,0.1
1140,297,297,0.1
1141,298,298,0.1
1142,298,298,0.1
1143,298,298,0.1
1144,297,297,0.1
1145,297,298,0.1
1146,126,297,0.1
1147,99,102,0.1
1148,6,21,0.1
1149,153,153,0.1
1150,324,292,0.1
1151,160,160,0.1
1152,23,299,0.1
1153,300,300,0.1
1154,300,300,0.1
1155,23,23,0.1
1156,23,23,0.1
1157,152,152,0.1
1158,152,152,0.1
1159,21,21,0.1
1160,21,21,0.1
1161,189,301,0.1
1162,301,301,0.1
1163,301,301,0.1
1164,316,316,0.1
1165,302,303,0.1
1166,304,12,0.1
1167,305,52,0.1
1168,135,135,0.1
1169,8,302,0.1
1170,302,304,0.1
1171,304,304,0.1
1172,304,304,0.1
1173,304,304,0.1
1174,25,25,0.1
1175,249,249,0.1
1176,70,70,0.1
1177,306,196,0.1
1178,55,306,0.1
1179,306,306,0.1
1180,307,308,0.1
1181,309,279,0.1
1182,306,309,0.1
1183,306,308,0.1
1184,232,232,0.1
1185,152,152,0.1
1186,152,152,0.1
1187,152,152,0.1
1188,292,292,0.1
1189,31,31,0.1
1190,193,69,0.1
1191,69,69,0.1
1192,280,170,0.1
1193,280,280,0.1
1194,280,280,0.1
1195,280,280,0.1
1196,310,188,0.1
1197,188,188,0.1
1198,310,310,0.1
1199,188,311,0.1
1200,312,186,0.1
1201,166,186,0.1
1202,313,310,0.1
1203,188,412,0.1
1204,1,312,0.1
1205,312,312,0.1
1206,313,307,0.1
1207,188,188,0.1
1208,313,188,0.1
1209,314,314,0.1
1210,314,314,0.1
1211,314,314,0.1
1212,168,315,0.1
1213,315,315,0.1
1214,315,315,0.1
1215,187,31,0.1
1216,195,195,0.1
1217,316,178,0.1
1218,153,153,0.1
1219,153,153,0.1
1220,322,153,0.1
1221,317,153,0.1
1222,153,153,0.1
1223,64,64,0.1
1224,64,64,0.1
1225,318,319,0.1
1226,318,318,0.1
1227,318,318,0.1
1228,320,159,0.1
1229,12,321,0.1
1230,12,159,0.1
1231,317,317,0.1
1232,317,317,0.1
1233,322,317,0.1
1234,153,64,0.1
1235,323,324,0.1
1236,7,7,0.1
1237,28,28,0.1
1238,160,160,0.1
1239,160,160,0.1
1240,160,160,0.1
1241,160,160,0.1
1242,325,174,0.1
1243,325,326,0.1
1244,234,234,0.1
1245,265,327,0.1
1246,208,208,0.1
1247,328,208,0.1
1248,208,208,0.1
1249,173,152,0.1
1250,178,178,0.1
1251,178,178,0.1
1252,173,173,0.1
1253,68,68,0.1
1254,25,25,0.1
1255,20,20,0.1
1256,20,15,0.1
1257,167,167,0.1
1258,158,158,0.1
1259,268,268,0.1
1260,268,329,0.1
1261,330,330,0.1
1262,330,330,0.1
1263,330,268,0.1
1264,331,330,0.1
1265,15,157,0.1
1266,72,159,0.1
1267,159,72,0.1
1268,72,332,0.1
1269,72,72,0.1
1270,72,72,0.1
1271,127,127,0.1
1272,127,127,0.1
1273,185,185,0.1
1274,185,185,0.1
1275,185,185,0.1
1276,127,127,0.1
1277,333,54,0.1
1278,10,119,0.1
1279,333,334,0.1
1280,333,333,0.1
1281,333,333,0.1
1282,159,159,0.1
1283,72,72,0.1
1284,72,72,0.1
1285,152,152,0.1
1286,335,126,0.1
1287,335,335,0.1
1288,126,126,0.1
1289,126,336,0.1
1290,125,337,0.1
1291,125,184,0.1
1292,127,127,0.1
1293,124,127,0.1
1294,127,127,0.1
1295,127,127,0.1
1296,33,32,0.1
1297,33,33,0.1
1298,117,251,0.1
1299,34,34,0.1
1300,34,213,0.1
1301,32,32,0.1
1302,338,339,0.1
1303,34,340,0.1
1304,266,341,0.1
1305,342,343,0.1
1306,344,342,0.1
1307,344,2,0.1
1308,344,344,0.1
1309,115,115,0.1
1310,115,342,0.1
1311,183,183,0.1
1312,183,183,0.1
1313,345,345,0.1
1314,345,345,0.1
1315,345,345,0.1
1316,2,2,0.1
1317,2,2,0.1
1318,2,2,0.1
1319,2,2,0.1
1320,346,346,0.1
1321,346,346,0.1
1322,346,346,0.1
1323,235,298,0.1
1324,235,235,0.1
1325,347,235,0.1
1326,17,304,0.1
1327,73,348,0.1
1328,73,73,0.1
1329,73,73,0.1
1330,73,341,0.1
1331,144,144,0.1
1332,144,144,0.1
1333,339,339,0.1
1334,339,339,0.1
1335,183,183,0.1
1336,183,183,0.1
1337,183,183,0.1
1338,37,37,0.1
1339,37,37,0.1
1340,349,349,0.1
1341,349,105,0.1
1342,349,349,0.1
1343,92,92,0.1
1344,2,2,0.1
1345,2,2,0.1
1346,2,2,0.1
1347,2,2,0.1
1348,350,208,0.1
1349,350,351,0.1
1350,352,139,0.1
1351,353,353,0.1
1352,354,203,0.1
1353,355,192,0.1
1354,192,95,0.1
1355,356,291,0.1
1356,192,192,0.1
1357,192,192,0.1
1358,192,192,0.1
1359,192,343,0.1
1360,192,192,0.1
1361,192,192,0.1
1362,192,192,0.1
1363,192,192,0.1
1364,357,357,0.1
1365,357,357,0.1
1366,357,357,0.1
1367,192,343,0.1
1368,342,342,0.1
1369,343,343,0.1
1370,114,114,0.1
1371,114,114,0.1
1372,114,114,0.1
1373,114,114,0.1
1374,92,114,0.1
1375,114,114,0.1
1376,114,114,0.1
1377,114,114,0.1
1378,136,142,0.1
1379,136,142,0.1
1380,136,136,0.1
1381,136,136,0.1
1382,136,136,0.1
1383,136,136,0.1
1384,136,136,0.1
1385,136,136,0.1
1386,142,136,0.1
1387,142,142,0.1
1388,142,142,0.1
1389,142,142,0.1
1390,146,146,0.1
1391,143,143,0.1
1392,143,143,0.1
1393,143,143,0.1
1394,143,143,0.1
1395,143,143,0.1
1396,143,143,0.1
1397,43,143,0.1
1398,358,43,0.1
1399,358,358,0.1
1400,358,358,0.1
1401,358,358,0.1
1402,359,358,0.1
1403,142,142,0.1
1404,142,142,0.1
1405,142,142,0.1
1406,360,361,0.1
1407,360,362,0.1
1408,360,360,0.1
1409,229,229,0.1
1410,363,364,0.1
1411,247,363,0.1
1412,365,365,0.1
1413,365,365,0.1
1414,365,365,0.1
1415,365,120,0.1
1416,194,194,0.1
1417,194,194,0.1
1418,366,194,0.1
1419,366,161,0.1
1420,367,368,0.1
1421,307,367,0.1
1422,262,367,0.1
1423,246,246,0.1
1424,246,246,0.1
1425,368,241,0.1
1426,334,334,0.1
1427,369,370,0.1
1428,370,236,0.1
1429,236,119,0.1
1430,232,232,0.1
1431,262,232,0.1
1432,144,144,0.1
1433,227,361,0.1
1434,278,288,0.1
1435,278,371,0.1
1436,278,278,0.1
1437,262,246,0.1
1438,232,326,0.1
1439,48,176,0.1
1440,48,47,0.1
1441,171,171,0.1
1442,171,372,0.1
1443,171,171,0.1
1444,373,171,0.1
1445,374,375,0.1
1446,376,377,0.1
1447,258,258,0.1
1448,373,258,0.1
1449,219,219,0.1
1450,233,216,0.1
1451,233,233,0.1
1452,233,233,0.1
1453,378,101,0.1
1454,378,378,0.1
1455,378,378,0.1
1456,378,53,0.1
1457,270,191,0.1
1458,270,270,0.1
1459,270,378,0.1
1460,260,161,0.1
1461,379,379,0.1
1462,260,379,0.1
1463,379,380,0.1
1464,381,223,0.1
1465,381,381,0.1
1466,381,381,0.1
1467,222,382,0.1
1468,382,382,0.1
1469,382,382,0.1
1470,290,250,0.1
1471,290,290,0.1
1472,383,65,0.1
1473,383,383,0.1
1474,383,383,0.1
1475,384,385,0.1
1476,386,71,0.1
1477,224,67,0.1
1478,260,161,0.1
1479,387,161,0.1
1480,161,161,0.1
1481,388,222,0.1
1482,217,217,0.1
1483,138,138,0.1
1484,138,389,0.1
1485,38,38,0.1
1486,108,108,0.1
1487,276,116,0.1
1488,4,4,0.1
1489,390,287,0.1
1490,390,390,0.1
1491,86,86,0.1
1492,87,87,0.1
1493,87,87,0.1
1494,89,89,0.1
1495,158,159,0.1
1496,58,58,0.1
1497,58,58,0.1
1498,391,77,0.1
1499,349,349,0.1
1500,349,349,0.1
1501,234,234,0.1
1502,59,59,0.1
1503,64,64,0.1
1504,392,173,0.1
1505,173,173,0.1
1506,173,174,0.1
1507,393,393,0.1
1508,71,71,0.1
1509,15,394,0.1
1510,9,9,0.1
1511,158,331,0.1
1512,64,179,0.1
1513,324,324,0.1
1514,68,68,0.1
1515,68,68,0.1
1516,68,68,0.1
1517,76,335,0.1
1518,64,64,0.1
1519,16,16,0.1
1520,16,16,0.1
1521,16,16,0.1
1522,16,16,0.1
1523,16,16,0.1
1524,16,16,0.1
1525,16,16,0.1
1526,239,320,0.1
1527,240,240,0.1
1528,324,324,0.1
1529,316,316,0.1
1530,144,144,0.1
1531,144,144,0.1
1532,247,247,0.1
1533,53,144,0.1
1534,47,47,0.1
1535,153,153,0.1
1536,153,153,0.1
1537,179,179,0.1
1538,292,292,0.1
1539,263,263,0.1
1540,263,263,0.1
1541,263,263,0.1
1542,32,32,0.1
1543,32,32,0.1
1544,32,32,0.1
1545,34,34,0.1
1546,263,263,0.1
1547,265,327,0.1
1548,39,39,0.1
1549,39,39,0.1
1550,152,174,0.1
1551,167,167,0.1
1552,167,167,0.1
1553,167,167,0.1
1554,234,210,0.1
1555,395,210,0.1
1556,68,68,0.1
1557,171,171,0.1
1558,171,171,0.1
1559,396,396,0.1
1560,68,68,0.1
1561,68,68,0.1
1562,211,211,0.1
1563,338,144,0.1
1564,338,397,0.1
1565,53,53,0.1
1566,53,53,0.1
1567,171,171,0.1
1568,398,171,0.1
1569,398,398,0.1
1570,77,77,0.1
1571,120,120,0.1
1572,208,208,0.1
1573,203,379,0.1
1574,314,314,0.1
1575,170,170,0.1
1576,258,258,0.1
1577,281,258,0.1
1578,352,352,0.1
1579,179,179,0.1
1580,7,316,0.1
1581,9,9,0.1
1582,72,332,0.1
1583,158,268,0.1
1584,153,153,0.1
1585,28,28,0.1
1586,330,330,0.1
1587,178,178,0.1
1588,178,178,0.1
1589,178,178,0.1
1590,64,64,0.1
1591,58,58,0.1
1592,58,58,0.1
1593,144,144,0.1
1594,162,399,0.1
1595,400,390,0.1
1596,144,144,0.1
1597,144,144,0.1
1598,53,53,0.1
1599,123,123,0.1
1600,298,298,0.1
1601,401,402,0.1
1602,130,130,0.1
1603,130,130,0.1
1604,136,136,0.1
1605,136,136,0.1
1606,136,136,0.1
1607,136,136,0.1
1608,142,142,0.1
1609,142,142,0.1
1610,378,378,0.1
1611,223,223,0.1
1612,11,11,0.1
1613,11,11,0.1
1614,11,11,0.1
1615,11,11,0.1
1616,11,11,0.1
1617,11,11,0.1
1618,11,11,0.1
1619,11,11,0.1
1620,276,276,0.1
1621,116,116,0.1
1622,116,116,0.1
1623,4,4,0.1
1624,51,51,0.1
1625,4,10,0.1
1626,236,236,0.1
1627,191,191,0.1
1628,120,120,0.1
1629,120,120,0.1
1630,230,230,0.1
1631,230,230,0.1
1632,230,230,0.1
1633,124,124,0.1
1634,230,124,0.1
1635,403,403,0.1
1636,403,403,0.1
1637,118,118,0.1
1638,118,118,0.1
1639,118,118,0.1
1640,118,118,0.1
1641,118,118,0.1
1642,118,118,0.1
1643,403,118,0.1
1644,201,118,0.1
1645,145,145,0.1
1646,145,145,0.1
1647,190,190,0.1
1648,63,63,0.1
1649,127,127,0.1
1650,127,127,0.1
1651,127,127,0.1
1652,127,127,0.1
1653,127,127,0.1
1654,124,124,0.1
1655,124,124,0.1
1656,124,124,0.1
1657,53,361,0.1
1658,227,227,0.1
1659,227,227,0.1
1660,227,227,0.1
1661,46,46,0.1
1662,46,46,0.1
1663,212,212,0.1
1664,212,212,0.1
1665,212,212,0.1
1666,212,212,0.1
1667,142,142,0.1
1668,142,142,0.1
1669,142,142,0.1
1670,142,142,0.1
1671,142,142,0.1
1672,142,142,0.1
1673,142,142,0.1
1674,142,142,0.1
1675,142,142,0.1
1676,142,142,0.1
1677,142,142,0.1
1678,142,142,0.1
1679,142,142,0.1
1680,142,142,0.1
1681,142,142,0.1
1682,142,142,0.1
1683,142,142,0.1
1684,142,142,0.1
1685,142,142,0.1
1686,142,142,0.1
1687,142,142,0.1
1688,142,142,0.1
1689,132,132,0.1
1690,147,147,0.1
1691,147,147,0.1
1692,404,147,0.1
1693,134,134,0.1
1694,134,134,0.1
1695,134,134,0.1
1696,77,77,0.1
1697,77,77,0.1
1698,77,77,0.1
1699,77,77,0.1
1700,77,77,0.1
1701,120,120,0.1
1702,120,120,0.1
1703,120,120,0.1
1704,120,120,0.1
1705,120,120,0.1
1706,120,120,0.1
1707,360,360,0.1
1708,360,360,0.1
1709,360,360,0.1
1710,360,360,0.1
1711,360,360,0.1
1712,360,360,0.1
1713,134,134,0.1
1714,134,134,0.1
1715,134,146,0.1
1716,148,199,0.1
1717,148,298,0.1
1718,130,130,0.1
1719,130,130,0.1
1720,130,130,0.1
1721,130,130,0.1
1722,148,199,0.1
1723,148,130,0.1
1724,200,200,0.1
1725,200,200,0.1
1726,46,46,0.1
1727,46,46,0.1
1728,42,45,0.1
1729,45,45,0.1
1730,211,211,0.1
1731,211,211,0.1
1732,211,211,0.1
1733,211,211,0.1
1734,211,211,0.1
1735,211,211,0.1
1736,211,211,0.1
1737,405,211,0.1
1738,211,211,0.1
1739,211,211,0.1
1740,211,211,0.1
1741,43,43,0.1
1742,43,43,0.1
1743,43,43,0.1
1744,43,43,0.1
1745,43,43,0.1
1746,43,43,0.1
1747,43,362,0.1
1748,344,344,0.1
1749,344,344,0.1
1750,344,344,0.1
1751,344,344,0.1
1752,344,344,0.1
1753,342,342,0.1
1754,342,342,0.1
1755,342,342,0.1
1756,342,342,0.1
1757,342,342,0.1
1758,342,342,0.1
1759,115,406,0.1
1760,96,96,0.1
1761,96,96,0.1
1762,96,96,0.1
1763,96,96,0.1
1764,118,118,0.1
1765,118,118,0.1
1766,118,118,0.1
1767,63,407,0.1
1768,407,41,0.1
1769,38,38,0.1
1770,38,38,0.1
1771,38,38,0.1
1772,38,38,0.1
1773,38,38,0.1
1774,38,38,0.1
1775,38,38,0.1
1776,38,38,0.1
1777,38,38,0.1
1778,38,38,0.1
1779,38,38,0.1
1780,41,38,0.1
1781,41,41,0.1
1782,41,41,0.1
1783,41,41,0.1
1784,41,41,0.1
1785,41,41,0.1
1786,41,41,0.1
1787,41,41,0.1
1788,41,41,0.1
1789,41,41,0.1
1790,41,41,0.1
1791,41,41,0.1
1792,41,41,0.1
1793,41,41,0.1
1794,41,41,0.1
1795,41,41,0.1
1796,41,41,0.1
1797,41,41,0.1
1798,41,41,0.1
1799,41,41,0.1
1800,41,41,0.1
1801,41,41,0.1
1802,41,41,0.1
1803,41,41,0.1
1804,41,41,0.1
1805,41,41,0.1
1806,41,41,0.1
1807,41,41,0.1
1808,41,41,0.1
1809,41,41,0.1
1810,41,41,0.1
1811,41,41,0.1
1812,41,41,0.1
1813,41,41,0.1
1814,41,41,0.1
1815,41,41,0.1
1816,41,41,0.1
1817,41,41,0.1
1818,41,41,0.1
1819,41,41,0.1
1820,41,41,0.1
1821,41,41,0.1
1822,41,41,0.1
1823,32,32,0.1
1824,32,198,0.1
1825,198,198,0.1
1826,198,198,0.1
1827,198,198,0.1
1828,32,32,0.1
1829,32,32,0.1
1830,32,32,0.1
1831,32,32,0.1
1832,32,32,0.1
1833,32,32,0.1
1834,32,32,0.1
1835,32,32,0.1
1836,32,32,0.1
1837,32,32,0.1
1838,32,32,0.1
1839,32,32,0.1
1840,32,32,0.1
1841,32,32,0.1
1842,32,32,0.1
1843,32,32,0.1
1844,32,32,0.1
1845,32,32,0.1
1846,32,32,0.1
1847,32,32,0.1
1848,32,32,0.1
1849,32,32,0.1
1850,32,32,0.1
1851,32,32,0.1
1852,32,32,0.1
1853,32,32,0.1
1854,348,348,0.1
1855,348,348,0.1
1856,348,348,0.1
1857,73,73,0.1
1858,73,73,0.1
1859,73,73,0.1
1860,73,73,0.1
1861,73,73,0.1
1862,73,73,0.1
1863,73,73,0.1
1864,73,73,0.1
1865,348,348,0.1
1866,348,32,0.1
1867,117,117,0.1
1868,117,117,0.1
1869,117,117,0.1
1870,251,348,0.1
1871,251,251,0.1
1872,251,251,0.1
1873,251,251,0.1
1874,251,251,0.1
1875,408,408,0.1
1876,408,408,0.1
1877,408,408,0.1
1878,408,408,0.1
1879,261,408,0.1
1880,117,261,0.1
1881,92,92,0.1
1882,92,92,0.1
1883,92,92,0.1
1884,92,92,0.1
1885,92,92,0.1
1886,92,92,0.1
1887,92,92,0.1
1888,92,92,0.1
1889,92,92,0.1
1890,92,92,0.1
1891,92,92,0.1
1892,92,92,0.1
1893,92,92,0.1
1894,33,33,0.1
1895,33,33,0.1
1896,33,33,0.1
1897,33,33,0.1
1898,33,33,0.1
1899,33,33,0.1
1900,33,33,0.1
1901,33,33,0.1
1902,33,33,0.1
1903,33,33,0.1
1904,33,33,0.1
1905,33,33,0.1
1906,33,33,0.1
1907,33,33,0.1
1908,33,33,0.1
1909,33,33,0.1
1910,33,33,0.1
1911,33,33,0.1
1912,33,33,0.1
1913,33,33,0.1
1914,33,33,0.1
1915,33,33,0.1
1916,33,33,0.1
1917,33,33,0.1
1918,33,33,0.1
1919,33,33,0.1
1920,47,47,0.1
1921,47,47,0.1
1922,47,47,0.1
1923,47,47,0.1
1924,47,47,0.1
1925,47,47,0.1
1926,47,47,0.1
1927,47,47,0.1
1928,47,47,0.1
1929,47,47,0.1
1930,47,47,0.1
1931,47,47,0.1
1932,47,47,0.1
1933,47,47,0.1
1934,47,47,0.1
1935,47,47,0.1
1936,42,42,0.1
1937,42,42,0.1
1938,42,42,0.1
1939,42,42,0.1
1940,42,42,0.1
1941,42,42,0.1
1942,42,42,0.1
1943,42,42,0.1
1944,42,42,0.1
1945,42,42,0.1
1946,42,42,0.1
1947,42,42,0.1
1948,42,42,0.1
1949,42,42,0.1
1950,42,42,0.1
1951,42,42,0.1
1952,42,42,0.1
1953,40,40,0.1
1954,40,40,0.1
1955,40,40,0.1
1956,40,40,0.1
1957,40,40,0.1
1958,40,40,0.1
1959,40,40,0.1
1960,40,40,0.1
1961,40,40,0.1
1962,40,40,0.1
1963,40,40,0.1
1964,40,40,0.1
1965,40,40,0.1
1966,40,40,0.1
1967,40,40,0.1
1968,40,40,0.1
1969,40,40,0.1
1970,127,127,0.1
1971,127,127,0.1
1972,127,127,0.1
1973,127,127,0.1
1974,127,127,0.1
1975,127,127,0.1
1976,127,127,0.1
1977,127,127,0.1
1978,127,127,0.1
1979,127,127,0.1
1980,76,76,0.1
1981,76,76,0.1
1982,76,76,0.1
1983,76,76,0.1
1984,76,76,0.1
1985,235,235,0.1
1986,235,235,0.1
1987,235,235,0.1
1988,235,235,0.1
1989,235,235,0.1
1990,262,262,0.1
1991,262,262,0.1
1992,262,262,0.1
1993,262,262,0.1
1994,262,262,0.1
1995,262,262,0.1
1996,262,262,0.1
1997,246,246,0.1
1998,161,161,0.1
1999,161,161,0.1
2000,161,409,0.1
2001,203,203,0.1
2002,74,74,0.1
2003,350,350,0.1
2004,350,350,0.1
2005,350,350,0.1
2006,192,192,0.1
2007,192,192,0.1
2008,192,192,0.1
2009,192,192,0.1
2010,192,192,0.1
2011,192,192,0.1
2012,192,192,0.1
2013,192,192,0.1
2014,192,192,0.1
2015,192,192,0.1
2016,192,192,0.1
2017,192,192,0.1
2018,192,192,0.1
2019,192,192,0.1
2020,192,192,0.1
2021,192,192,0.1
2022,192,192,0.1
2023,192,192,0.1
2024,192,192,0.1
2025,192,192,0.1
2026,192,192,0.1
2027,192,192,0.1
2028,192,192,0.1
2029,192,192,0.1
2030,192,192,0.1
2031,192,192,0.1
2032,192,192,0.1
2033,192,192,0.1
2034,192,192,0.1
2035,192,192,0.1
2036,192,192,0.1
2037,192,192,0.1
2038,192,192,0.1
2039,139,355,0.1
2040,2,2,0.1
2041,2,2,0.1
2042,2,2,0.1
2043,2,2,0.1
2044,2,2,0.1
2045,2,2,0.1
2046,114,114,0.1
2047,114,114,0.1
2048,192,192,0.1
2049,192,192,0.1
2050,192,192,0.1
2051,192,192,0.1
2052,192,192,0.1
2053,192,192,0.1
2054,192,114,0.1
2055,92,92,0.1
2056,92,92,0.1
2057,92,92,0.1
2058,92,92,0.1
2059,92,92,0.1
2060,92,92,0.1
2061,92,92,0.1
2062,349,349,0.1
2063,349,349,0.1
2064,208,208,0.1
2065,208,208,0.1
2066,208,208,0.1
2067,208,208,0.1
2068,208,208,0.1
2069,265,265,0.1
2070,265,265,0.1
2071,265,265,0.1
2072,263,263,0.1
2073,263,263,0.1
2074,263,263,0.1
2075,263,263,0.1
2076,263,263,0.1
2077,73,73,0.1
2078,73,73,0.1
2079,410,266,0.1
2080,341,34,0.1
2081,340,340,0.1
2082,340,340,0.1
2083,340,340,0.1
2084,340,340,0.1
2085,340,340,0.1
2086,213,213,0.1
2087,213,213,0.1
2088,213,213,0.1
2089,213,213,0.1
2090,213,213,0.1
2091,32,32,0.1
2092,110,110,0.1
2093,110,110,0.1
2094,110,110,0.1
2095,110,110,0.1
2096,153,153,0.1
2097,28,28,0.1
2098,28,28,0.1
2099,28,28,0.1
2100,28,28,0.1
2101,28,28,0.1
2102,153,153,0.1
2103,153,153,0.1
2104,153,153,0.1
2105,64,64,0.1
2106,322,322,0.1
2107,64,64,0.1
2108,64,64,0.1
2109,64,64,0.1
2110,64,64,0.1
2111,64,64,0.1
2112,64,64,0.1
2113,64,64,0.1
2114,64,64,0.1
2115,64,64,0.1
2116,64,64,0.1
2117,153,153,0.1
2118,153,153,0.1
2119,153,153,0.1
2120,7,7,0.1
2121,252,252,0.1
2122,253,253,0.1
2123,254,254,0.1
2124,254,254,0.1
2125,254,254,0.1
2126,254,254,0.1
2127,165,165,0.1
2128,165,165,0.1
2129,0,0,0.1
2130,0,0,0.1
2131,0,0,0.1
2132,0,0,0.1
2133,0,0,0.1
2134,12,12,0.1
2135,12,12,0.1
2136,12,12,0.1
2137,12,12,0.1
2138,30,30,0.1
2139,30,30,0.1
2140,30,30,0.1
2141,30,30,0.1
2142,30,30,0.1
2143,30,30,0.1
2144,30,30,0.1
2145,30,30,0.1
2146,30,30,0.1
2147,30,30,0.1
2148,299,300,0.1
2149,300,300,0.1
2150,23,23,0.1
2151,23,23,0.1
2152,292,292,0.1
2153,292,292,0.1
2154,292,292,0.1
2155,292,292,0.1
2156,68,68,0.1
2157,165,160,0.1
2158,167,234,0.1
2159,165,234,0.1
2160,234,234,0.1
2161,165,234,0.1
2162,165,234,0.1
2163,165,165,0.1
2164,234,165,0.1
2165,165,234,0.1
2166,165,165,0.1
2167,316,316,0.1
2168,316,316,0.1
2169,152,152,0.1
2170,152,152,0.1
2171,152,152,0.1
2172,152,152,0.1
2173,152,152,0.1
2174,152,152,0.1
2175,152,152,0.1
2176,152,152,0.1
2177,152,152,0.1
2178,152,152,0.1
2179,152,152,0.1
2180,152,152,0.1
2181,152,152,0.1
2182,152,152,0.1
2183,152,152,0.1
2184,21,21,0.1
2185,21,21,0.1
2186,21,21,0.1
2187,21,21,0.1
2188,21,21,0.1
2189,21,21,0.1
2190,21,21,0.1
2191,21,21,0.1
2192,21,21,0.1
2193,21,21,0.1
2194,21,21,0.1
2195,1,1,0.1
2196,234,234,0.1
2197,234,234,0.1
2198,68,68,0.1
2199,68,68,0.1
2200,68,234,0.1
2201,68,234,0.1
2202,152,152,0.1
2203,152,152,0.1
2204,152,152,0.1
2205,68,68,0.1
2206,68,68,0.1
2207,68,68,0.1
2208,68,68,0.1
2209,68,68,0.1
2210,68,68,0.1
2211,68,68,0.1
2212,152,152,0.1
2213,178,178,0.1
2214,7,7,0.1
2215,7,7,0.1
2216,7,7,0.1
2217,21,21,0.1
2218,21,21,0.1
2219,21,21,0.1
2220,21,21,0.1
2221,21,21,0.1
2222,21,21,0.1
2223,5,5,0.1
2224,71,71,0.1
2225,71,71,0.1
2226,71,71,0.1
2227,71,71,0.1
2228,71,71,0.1
2229,71,71,0.1
2230,217,223,0.1
2231,217,217,0.1
2232,222,222,0.1
2233,222,222,0.1
2234,275,275,0.1
2235,275,275,0.1
2236,275,275,0.1
2237,275,275,0.1
2238,275,275,0.1
2239,275,275,0.1
2240,262,262,0.1
2241,368,368,0.1
2242,194,194,0.1
2243,161,161,0.1
2244,161,161,0.1
2245,161,161,0.1
2246,161,161,0.1
2247,161,161,0.1
2248,161,161,0.1
2249,161,161,0.1
2250,290,392,0.1
2251,161,290,0.1
2252,392,215,0.1
2253,215,215,0.1
2254,215,215,0.1
2255,215,215,0.1
2256,215,215,0.1
2257,215,215,0.1
2258,215,215,0.1
2259,215,215,0.1
2260,215,215,0.1
2261,215,215,0.1
2262,215,215,0.1
2263,215,215,0.1
2264,94,94,0.1
2265,94,2,0.1
2266,94,94,0.1
2267,3,3,0.1
2268,3,3,0.1
2269,3,3,0.1
2270,3,3,0.1
2271,93,93,0.1
2272,93,93,0.1
2273,93,93,0.1
2274,93,93,0.1
2275,180,180,0.1
2276,180,180,0.1
2277,180,180,0.1
2278,180,180,0.1
2279,180,180,0.1
2280,180,180,0.1
2281,180,180,0.1
2282,180,180,0.1
2283,180,180,0.1
2284,180,180,0.1
2285,180,180,0.1
2286,180,180,0.1
2287,180,180,0.1
2288,180,180,0.1
2289,182,182,0.1
2290,182,182,0.1
2291,182,182,0.1
2292,182,182,0.1
2293,184,184,0.1
2294,184,184,0.1
2295,184,184,0.1
2296,183,183,0.1
2297,183,183,0.1
2298,183,183,0.1
2299,183,183,0.1
2300,183,183,0.1
2301,183,183,0.1
2302,116,116,0.1
2303,116,116,0.1
2304,116,116,0.1
2305,116,116,0.1
2306,4,4,0.1
2307,276,276,0.1
2308,276,276,0.1
2309,276,276,0.1
2310,276,276,0.1
2311,276,276,0.1
2312,276,276,0.1
2313,276,276,0.1
2314,16,16,0.1
2315,16,16,0.1
2316,15,15,0.1
2317,15,15,0.1
2318,15,15,0.1
2319,15,15,0.1
2320,15,15,0.1
2321,15,15,0.1
2322,15,15,0.1
2323,15,15,0.1
2324,15,15,0.1
2325,15,15,0.1
2326,18,18,0.1
2327,18,18,0.1
2328,298,298,0.1
2329,298,298,0.1
2330,298,298,0.1
2331,298,298,0.1
2332,111,298,0.1
2333,111,111,0.1
2334,288,288,0.1
2335,288,288,0.1
2336,288,288,0.1
2337,288,288,0.1
2338,288,227,0.1
2339,227,227,0.1
2340,227,227,0.1
2341,227,227,0.1
2342,227,227,0.1
2343,227,227,0.1
2344,370,370,0.1
2345,370,370,0.1
2346,370,370,0.1
2347,370,370,0.1
2348,80,80,0.1
2349,258,258,0.1
2350,258,258,0.1
2351,258,258,0.1
2352,258,258,0.1
2353,258,258,0.1
2354,258,258,0.1
2355,258,258,0.1
2356,258,258,0.1
2357,258,258,0.1
2358,258,258,0.1
2359,258,258,0.1
2360,29,29,0.1
2361,170,170,0.1
2362,170,170,0.1
2363,279,279,0.1
2364,279,279,0.1
2365,279,279,0.1
2366,279,279,0.1
2367,279,279,0.1
2368,279,279,0.1
2369,411,411,0.1
2370,411,411,0.1
2371,411,279,0.1
2372,411,411,0.1
2373,411,411,0.1
2374,411,411,0.1
2375,411,411,0.1
2376,273,411,0.1
2377,273,273,0.1
2378,273,273,0.1
2379,273,273,0.1
2380,412,412,0.1
2381,35,35,0.1
2382,39,39,0.1
2383,39,39,0.1
2384,39,39,0.1
2385,39,39,0.1
2386,39,39,0.1
2387,35,33,0.1
2388,37,35,0.1
2389,37,37,0.1
2390,37,37,0.1
2391,36,37,0.1
2392,36,36,0.1
2393,36,36,0.1
2394,36,36,0.1
2395,108,108,0.1
2396,171,171,0.1
2397,260,260,0.1
2398,14,249,0.1
2399,55,55,0.1
2400,55,55,0.1
2401,55,55,0.1
2402,55,55,0.1
2403,55,55,0.1
2404,55,55,0.1
2405,171,171,0.1
2406,171,171,0.1
2407,55,55,0.1
2408,55,55,0.1
2409,55,55,0.1
2410,55,55,0.1
2411,55,55,0.1
2412,55,55,0.1
2413,55,55,0.1
2414,55,55,0.1
2415,249,249,0.1
2416,249,249,0.1
2417,13,13,0.1
2418,13,13,0.1
2419,171,171,0.1
2420,171,171,0.1
2421,171,171,0.1
2422,171,171,0.1
2423,171,171,0.1
2424,171,171,0.1
2425,171,171,0.1
2426,171,171,0.1
2427,171,171,0.1
2428,398,398,0.1
2429,398,398,0.1
2430,398,398,0.1
2431,171,171,0.1
2432,171,171,0.1
2433,372,372,0.1
2434,372,372,0.1
2435,171,171,0.1
2436,171,171,0.1
2437,171,171,0.1
2438,171,171,0.1
2439,171,171,0.1
2440,171,171,0.1
2441,171,171,0.1
2442,171,171,0.1
2443,171,171,0.1
2444,171,171,0.1
2445,283,283,0.1
2446,283,283,0.1
2447,283,283,0.1
2448,283,283,0.1
2449,74,74,0.1
2450,74,74,0.1
2451,74,74,0.1
2452,74,74,0.1
2453,74,74,0.1
2454,74,74,0.1
2455,74,74,0.1
2456,74,74,0.1
2457,350,350,0.1
2458,350,350,0.1
2459,353,353,0.1
2460,353,353,0.1
2461,353,353,0.1
2462,353,353,0.1
2463,379,379,0.1
2464,379,379,0.1
2465,379,379,0.1
2466,379,379,0.1
2467,379,379,0.1
2468,379,379,0.1
2469,379,379,0.1
2470,379,379,0.1
2471,379,379,0.1
2472,354,354,0.1
2473,354,354,0.1
2474,352,352,0.1
2475,352,352,0.1
2476,352,352,0.1
2477,352,352,0.1
2478,352,352,0.1
2479,203,352,0.1
2480,250,250,0.1
2481,250,250,0.1
2482,250,382,0.1
2483,382,382,0.1
2484,382,382,0.1
2485,382,382,0.1
2486,382,382,0.1
2487,382,382,0.1
2488,382,382,0.1
2489,152,152,0.1
2490,21,21,0.1
2491,152,152,0.1
2492,152,152,0.1
2493,152,152,0.1
2494,152,152,0.1
2495,152,152,0.1
2496,152,152,0.1
2497,152,152,0.1
2498,152,152,0.1
2499,152,152,0.1
2500,173,173,0.1
2501,173,173,0.1
2502,174,174,0.1
2503,152,152,0.1
2504,152,152,0.1
2505,152,152,0.1
2506,152,152,0.1
2507,152,152,0.1
2508,152,152,0.1
2509,152,152,0.1
2510,262,262,0.1
2511,262,262,0.1
2512,262,262,0.1
2513,231,231,0.1
2514,231,231,0.1
2515,231,231,0.1
2516,231,231,0.1
2517,38,38,0.1
2518,38,38,0.1
2519,38,38,0.1
2520,38,38,0.1
2521,38,38,0.1
2522,38,38,0.1
2523,38,38,0.1
2524,38,38,0.1
2525,38,38,0.1
2526,38,38,0.1
2527,38,38,0.1
2528,38,38,0.1
2529,38,38,0.1
2530,38,38,0.1
2531,38,38,0.1
2532,38,38,0.1
2533,38,38,0.1
2534,38,38,0.1
2535,38,38,0.1
2536,38,38,0.1
2537,38,38,0.1
2538,38,38,0.1
2539,38,38,0.1
2540,38,38,0.1
2541,38,38,0.1
2542,38,38,0.1
2543,38,38,0.1
2544,38,38,0.1
2545,38,38,0.1
2546,38,38,0.1
2547,38,38,0.1
2548,38,38,0.1
2549,38,38,0.1
2550,38,38,0.1
2551,38,38,0.1
2552,38,38,0.1
2553,38,38,0.1
2554,38,38,0.1
2555,38,38,0.1
2556,38,38,0.1
2557,38,38,0.1
2558,38,38,0.1
2559,38,38,0.1
2560,38,38,0.1
2561,38,38,0.1
2562,38,38,0.1
2563,38,38,0.1
2564,38,38,0.1
2565,38,38,0.1
2566,38,38,0.1
2567,38,38,0.1
2568,38,38,0.1
2569,38,38,0.1
2570,38,38,0.1
2571,38,38,0.1
2572,38,38,0.1
2573,38,38,0.1
2574,38,38,0.1
2575,38,38,0.1
2576,38,38,0.1
2577,38,38,0.1
2578,38,38,0.1
2579,62,62,0.1
2580,62,62,0.1
2581,62,62,0.1
2582,62,62,0.1
2583,62,62,0.1
2584,62,62,0.1
2585,62,62,0.1
2586,411,311,0.1
2587,161,409,0.1
2588,178,178,0.1
2589,19,19,0.1
2590,19,19,0.1
2591,153,153,0.1
2592,153,153,0.1
2593,9,9,0.1
2594,9,9,0.1
2595,9,9,0.1
2596,9,9,0.1
2597,9,9,0.1
2598,9,9,0.1
2599,9,9,0.1
2600,9,9,0.1
2601,9,9,0.1
2602,9,9,0.1
2603,9,15,0.1
2604,15,15,0.1
2605,158,158,0.1
2606,158,12,0.1
2607,12,12,0.1
2608,12,12,0.1
2609,12,12,0.1
2610,12,12,0.1
2611,12,12,0.1
2612,12,12,0.1
2613,240,240,0.1
2614,240,240,0.1
2615,240,240,0.1
2616,158,158,0.1
2617,158,158,0.1
2618,158,158,0.1
2619,158,158,0.1
2620,158,158,0.1
2621,158,158,0.1
2622,330,330,0.1
2623,330,330,0.1
2624,68,68,0.1
2625,68,68,0.1
2626,68,234,0.1
2627,23,23,0.1
2628,23,23,0.1
2629,23,23,0.1
2630,23,23,0.1
2631,23,23,0.1
2632,23,23,0.1
2633,234,234,0.1
2634,234,234,0.1
2635,234,165,0.1
2636,165,165,0.1
2637,165,165,0.1
2638,160,68,0.1
2639,68,68,0.1
2640,68,68,0.1
2641,68,68,0.1
2642,68,68,0.1
2643,68,68,0.1
2644,68,68,0.1
2645,68,68,0.1
2646,68,68,0.1
2647,39,38,0.1
2648,38,38,0.1
2649,413,211,0.1
2650,160,292,0.1
2651,292,292,0.1
2652,292,292,0.1
2653,292,292,0.1
2654,292,292,0.1
2655,292,292,0.1
2656,292,292,0.1
2657,292,292,0.1
2658,292,292,0.1
2659,292,292,0.1
2660,292,292,0.1
2661,414,414,0.1
2662,414,355,0.1
2663,139,139,0.1
2664,139,139,0.1
2665,139,139,0.1
2666,139,139,0.1
2667,10,10,0.1
2668,10,10,0.1
2669,10,10,0.1
2670,10,10,0.1
2671,10,10,0.1
2672,10,10,0.1
2673,10,10,0.1
2674,10,10,0.1
2675,10,10,0.1
2676,10,10,0.1
2677,10,10,0.1
2678,10,10,0.1
2679,10,10,0.1
2680,138,138,0.1
2681,10,138,0.1
2682,192,192,0.1
2683,192,192,0.1
2684,356,192,0.1
2685,356,356,0.1
2686,291,291,0.1
2687,291,291,0.1
2688,291,291,0.1
2689,291,291,0.1
2690,291,291,0.1
2691,396,396,0.1
2692,396,396,0.1
2693,265,208,0.1
2694,165,165,0.1
2695,165,165,0.1
2696,165,165,0.1
2697,165,165,0.1
2698,165,165,0.1
2699,165,165,0.1
2700,165,165,0.1
2701,165,165,0.1
2702,165,165,0.1
2703,165,165,0.1
2704,165,165,0.1
2705,165,165,0.1
2706,165,165,0.1
2707,165,165,0.1
2708,165,165,0.1
2709,165,165,0.1
2710,164,164,0.1
2711,164,164,0.1
2712,164,164,0.1
2713,299,299,0.1
2714,300,189,0.1
2715,314,314,0.1
2716,31,315,0.1
2717,31,31,0.1
2718,179,179,0.1
2719,179,179,0.1
2720,179,179,0.1
2721,179,179,0.1
2722,179,179,0.1
2723,179,179,0.1
2724,179,179,0.1
2725,179,179,0.1
2726,179,179,0.1
2727,64,64,0.1
2728,179,179,0.1
2729,292,292,0.1
2730,413,413,0.1
2731,413,413,0.1
2732,413,413,0.1
2733,413,413,0.1
2734,211,211,0.1
2735,212,212,0.1
2736,212,212,0.1
2737,159,159,0.1
2738,159,159,0.1
2739,239,240,0.1
2740,318,320,0.1
2741,4,4,0.1
2742,374,415,0.1
2743,68,68,0.1
2744,133,133,0.1
2745,226,226,0.1
2746,226,226,0.1
2747,226,226,0.1
2748,226,226,0.1
2749,226,226,0.1
2750,226,226,0.1
2751,226,226,0.1
2752,416,226,0.1
2753,178,195,0.1
2754,371,371,0.1
2755,368,368,0.1
2756,368,368,0.1
2757,84,85,0.1
2758,85,85,0.1
2759,85,85,0.1
2760,85,85,0.1
2761,85,85,0.1
2762,85,85,0.1
2763,86,86,0.1
2764,91,91,0.1
2765,91,91,0.1
2766,91,91,0.1
2767,91,91,0.1
2768,89,89,0.1
2769,89,89,0.1
2770,89,89,0.1
2771,89,89,0.1
2772,89,89,0.1
2773,85,89,0.1
2774,86,86,0.1
2775,86,86,0.1
2776,86,86,0.1
2777,86,86,0.1
2778,288,288,0.1
2779,288,288,0.1
2780,288,288,0.1
2781,171,56,0.1
2782,156,257,0.1
2783,41,41,0.1
2784,41,41,0.1
2785,41,41,0.1
2786,41,41,0.1
2787,50,50,0.1
2788,63,62,0.1
2789,40,40,0.1
2790,47,47,0.1
2791,262,262,0.1
2792,331,331,0.1
2793,331,331,0.1
2794,331,331,0.1
2795,331,331,0.1
2796,180,180,0.1
2797,180,180,0.1
2798,180,180,0.1
2799,180,180,0.1
2800,180,180,0.1
2801,62,62,0.1
2802,62,62,0.1
2803,62,62,0.1
2804,62,62,0.1
2805,62,62,0.1
2806,62,62,0.1
2807,62,62,0.1
2808,62,62,0.1
2809,251,251,0.1
2810,0,0,0.1
2811,0,0,0.1
2812,162,162,0.1
2813,53,53,0.1
2814,39,39,0.1
2815,39,39,0.1
2816,292,292,0.1
2817,234,234,0.1
2818,104,104,0.1
2819,316,316,0.1
2820,316,316,0.1
2821,4,4,0.1
2822,104,104,0.1
2823,7,7,0.1
2824,178,178,0.1
2825,287,287,0.1
2826,160,160,0.1
2827,160,324,0.1
2828,160,160,0.1
2829,144,144,0.1
2830,53,53,0.1
2831,53,53,0.1
2832,144,144,0.1
2833,128,128,0.1
2834,298,298,0.1
2835,378,378,0.1
2836,270,270,0.1
2837,51,51,0.1
2838,10,10,0.1
2839,51,51,0.1
2840,129,129,0.1
2841,247,247,0.1
2842,211,211,0.1
2843,211,211,0.1
2844,362,362,0.1
2845,43,43,0.1
2846,407,407,0.1
2847,192,192,0.1
2848,92,92,0.1
2849,92,92,0.1
2850,68,68,0.1
2851,234,234,0.1
2852,234,234,0.1
2853,234,234,0.1
2854,234,234,0.1
2855,234,234,0.1
2856,64,64,0.1
2857,298,298,0.1
2858,21,21,0.1
2859,173,173,0.1
2860,152,152,0.1
2861,262,262,0.1
2862,160,160,0.1
2863,160,160,0.1
2864,160,160,0.1
2865,160,160,0.1
2866,160,160,0.1
2867,160,160,0.1
2868,160,160,0.1
2869,68,68,0.1
2870,68,160,0.1
2871,160,160,0.1
2872,160,160,0.1
2873,160,160,0.1
2874,68,68,0.1
2875,68,68,0.1
2876,68,68,0.1
2877,68,68,0.1
2878,68,68,0.1
2879,68,68,0.1
2880,179,68,0.1
2881,68,68,0.1
2882,68,68,0.1
2883,68,68,0.1
2884,68,68,0.1
2885,68,68,0.1
2886,68,68,0.1
2887,68,68,0.1
2888,68,68,0.1
2889,68,68,0.1
2890,68,68,0.1
2891,68,68,0.1
2892,68,68,0.1
2893,68,68,0.1
2894,68,68,0.1
2895,23,23,0.1
2896,23,23,0.1
2897,23,23,0.1
2898,23,23,0.1
2899,23,23,0.1
2900,23,23,0.1
2901,23,23,0.1
2902,23,23,0.1
2903,23,23,0.1
2904,23,23,0.1
2905,23,23,0.1
2906,23,23,0.1
2907,68,68,0.1
2908,68,160,0.1
2909,68,68,0.1
2910,68,68,0.1
2911,68,68,0.1
2912,68,68,0.1
2913,68,68,0.1
2914,68,68,0.1
2915,68,68,0.1
2916,68,234,0.1
2917,165,165,0.1
2918,165,165,0.1
2919,165,68,0.1
2920,68,68,0.1
2921,68,68,0.1
2922,68,68,0.1
2923,68,68,0.1
2924,68,68,0.1
2925,68,68,0.1
2926,68,160,0.1
2927,160,160,0.1
2928,68,68,0.1
2929,68,68,0.1
2930,68,68,0.1
2931,68,68,0.1
2932,68,68,0.1
2933,234,234,0.1
2934,68,68,0.1
2935,68,68,0.1
2936,68,68,0.1
2937,68,68,0.1
2938,68,68,0.1
2939,68,68,0.1
2940,68,68,0.1
2941,68,68,0.1
2942,68,68,0.1
2943,68,68,0.1
2944,68,68,0.1
2945,68,68,0.1
2946,68,68,0.1
2947,68,68,0.1
2948,165,165,0.1
2949,68,68,0.1
2950,68,68,0.1
2951,68,68,0.1
2952,68,68,0.1
2953,68,68,0.1
2954,68,68,0.1
2955,179,179,0.1
2956,64,179,0.1
2957,68,68,0.1
2958,165,165,0.1
2959,68,68,0.1
2960,179,68,0.1
2961,68,68,0.1
2962,68,68,0.1
2963,68,68,0.1
2964,68,68,0.1
2965,68,68,0.1
2966,234,234,0.1
2967,68,68,0.1
2968,68,68,0.1
2969,68,68,0.1
2970,68,68,0.1
2971,68,68,0.1
2972,324,324,0.1
2973,324,324,0.1
2974,324,324,0.1
2975,160,160,0.1
2976,160,160,0.1
2977,160,160,0.1
2978,68,68,0.1
2979,68,68,0.1
2980,68,68,0.1
2981,68,68,0.1
2982,68,68,0.1
2983,68,68,0.1
2984,68,68,0.1
2985,68,68,0.1
2986,160,160,0.1
2987,292,292,0.1
2988,292,292,0.1
2989,324,324,0.1
2990,68,68,0.1
2991,68,68,0.1
2992,192,192,0.1
2993,160,160,0.1
2994,160,160,0.1
2995,178,178,0.1
2996,25,25,0.1
2997,194,194,0.1
2998,82,82,0.1
2999,160,160,0.1
3000,160,160,0.1
3001,160,179,0.1
3002,160,160,0.1
3003,179,179,0.1
3004,179,179,0.1
3005,179,179,0.1
3006,204,85,0.1
3007,206,85,0.1
3008,417,89,0.1
3009,254,417,0.1
3010,41,41,0.1
3011,41,41,0.1
3012,41,41,0.1
3013,41,41,0.1
3014,41,41,0.1
3015,41,41,0.1
3016,41,41,0.1
3017,41,41,0.1
3018,41,41,0.1
3019,41,41,0.1
3020,41,41,0.1
3021,41,41,0.1
3022,41,41,0.1
3023,41,41,0.1
3024,41,41,0.1
3025,41,41,0.1
3026,41,41,0.1
3027,41,41,0.1
3028,41,41,0.1
3029,41,41,0.1
3030,41,41,0.1
3031,41,41,0.1
3032,41,41,0.1
3033,41,41,0.1
3034,41,41,0.1
3035,41,41,0.1
3036,41,41,0.1
3037,41,41,0.1
3038,41,41,0.1
3039,41,41,0.1
3040,41,41,0.1
3041,41,41,0.1
3042,41,41,0.1
3043,41,41,0.1
3044,41,41,0.1
3045,41,41,0.1
3046,41,41,0.1
3047,41,41,0.1
3048,41,41,0.1
3049,41,41,0.1
3050,41,41,0.1
3051,41,41,0.1
3052,41,41,0.1
3053,41,41,0.1
3054,41,41,0.1
3055,41,41,0.1
3056,41,41,0.1
3057,41,41,0.1
3058,41,41,0.1
3059,41,41,0.1
3060,41,41,0.1
3061,41,41,0.1
3062,41,41,0.1
3063,41,41,0.1
3064,41,41,0.1
3065,41,41,0.1
3066,41,41,0.1
3067,41,41,0.1
3068,41,41,0.1
3069,41,41,0.1
3070,41,41,0.1
3071,41,41,0.1
3072,41,41,0.1
3073,41,41,0.1
3074,41,41,0.1
3075,41,41,0.1
3076,41,41,0.1
3077,41,41,0.1
3078,41,41,0.1
3079,41,41,0.1
3080,41,41,0.1
3081,41,41,0.1
3082,41,41,0.1
3083,41,41,0.1
3084,41,41,0.1
3085,41,41,0.1
3086,41,41,0.1
3087,41,41,0.1
3088,41,41,0.1
3089,41,41,0.1
3090,41,41,0.1
3091,41,41,0.1
3092,41,41,0.1
3093,41,41,0.1
3094,41,41,0.1
3095,41,41,0.1
3096,41,41,0.1
3097,41,41,0.1
3098,41,41,0.1
3099,41,41,0.1
3100,41,41,0.1
3101,41,41,0.1
3102,41,41,0.1
3103,41,41,0.1
3104,74,74,0.1
3105,74,74,0.1