name,bus0,bus1
0,0,1
1,3,3
2,51,4
3,5,6
4,6,7
5,8,9
6,8,10
7,11,12
8,13,14
9,15,16
10,17,18
11,18,19
12,9,20
13,21,11
14,22,23
15,24,25
16,25,26
17,26,27
18,26,26
19,28,28
20,28,28
21,28,28
22,28,28
23,29,30
24,31,29
25,32,32
26,33,33
27,33,33
28,34,32
29,32,33
30,32,35
31,35,35
32,36,36
33,35,37
34,38,38
35,107,39
36,38,38
37,38,36
38,38,63
39,38,37
40,41,41
41,41,38
42,42,42
43,42,43
44,42,42
45,42,42
46,42,42
47,42,42
48,42,42
49,42,42
50,42,42
51,42,42
52,42,42
53,42,44
54,45,46
55,42,42
56,47,47
57,47,47
58,47,47
59,47,48
60,47,47
61,47,49
62,47,47
63,47,0
64,47,47
65,47,47
66,47,0
67,47,47
68,50,51
69,8,52
70,16,8
71,16,8
72,8,53
73,10,54
74,10,51
75,55,14
76,55,55
77,56,55
78,55,55
79,19,19
80,9,19
81,57,12
82,58,59
83,11,24
84,60,61
85,62,38
86,63,63
87,62,63
88,64,59
89,65,27
90,66,5
91,27,67
92,21,5
93,1,21
94,152,21
95,68,152
96,152,152
97,21,152
98,69,70
99,65,65
100,64,64
101,71,67
102,72,57
103,73,74
104,75,76
105,77,78
106,40,40
107,40,40
108,40,79
109,40,62
110,41,40
111,41,41
112,41,41
113,42,80
114,81,82
115,83,84
116,84,86
117,87,88
118,89,87
119,85,90
120,90,90
121,90,90
122,87,91
123,2,2
124,88,88
125,88,88
126,88,86
127,3,3
128,3,3
129,3,93
130,3,93
131,2,2
132,94,2
133,2,95
134,96,2
135,97,2
136,98,99
137,100,101
138,68,68
139,68,68
140,101,101
141,2,102
142,178,316
143,68,64
144,64,178
145,68,68
146,68,68
147,68,68
148,68,68
149,68,68
150,68,68
151,68,68
152,68,68
153,68,68
154,68,68
155,68,68
156,68,68
157,68,68
158,68,178
159,316,68
160,68,178
161,64,64
162,53,53
163,53,53
164,53,103
165,8,8
166,8,8
167,8,8
168,16,16
169,16,16
170,52,52
171,8,8
172,8,8
173,8,8
174,8,8
175,8,8
176,8,8
177,8,8
178,52,16
179,104,53
180,101,101
181,101,101
182,10,10
183,10,10
184,101,101
185,10,10
186,10,10
187,105,106
188,36,92
189,36,36
190,36,36
191,93,93
192,36,36
193,93,93
194,36,36
195,92,92
196,92,92
197,92,92
198,92,92
199,36,36
200,93,93
201,93,93
202,36,36
203,38,107
204,38,38
205,108,109
206,92,110
207,93,93
208,93,93
209,97,111
210,112,97
211,93,113
212,32,32
213,32,32
214,73,34
215,35,33
216,32,32
217,32,32
218,32,32
219,32,32
220,33,33
221,33,33
222,2,2
223,2,2
224,2,2
225,2,2
226,2,2
227,2,2
228,2,2
229,114,32
230,2,2
231,2,2
232,2,2
233,2,2
234,2,2
235,2,2
236,2,2
237,96,115
238,97,97
239,97,97
240,97,97
241,97,97
242,97,97
243,97,97
244,97,97
245,97,97
246,6,6
247,110,110
248,6,6
249,97,97
250,110,110
251,6,6
252,6,6
253,6,6
254,6,6
255,36,37
256,10,116
257,64,64
258,21,21
259,21,21
260,64,64
261,10,10
262,10,10
263,6,6
264,110,110
265,110,117
266,97,118
267,43,119
268,43,43
269,43,43
270,43,43
271,43,43
272,43,43
273,43,43
274,43,120
275,121,122
276,119,119
277,119,119
278,119,119
279,119,119
280,44,119
281,111,119
282,104,80
283,80,80
284,80,80
285,111,111
286,111,123
287,111,111
288,111,111
289,111,111
290,124,124
291,124,124
292,125,124
293,111,111
294,111,111
295,111,111
296,111,111
297,111,111
298,111,111
299,111,111
300,111,111
301,111,111
302,126,123
303,123,123
304,123,123
305,123,123
306,123,123
307,123,123
308,126,127
309,123,123
310,128,123
311,123,230
312,62,230
313,129,63
314,111,130
315,62,62
316,62,62
317,63,131
318,40,40
319,63,131
320,111,111
321,124,124
322,124,124
323,40,40
324,124,124
325,124,124
326,124,124
327,40,40
328,40,40
329,111,111
330,63,63
331,124,124
332,40,40
333,124,124
334,124,124
335,230,124
336,124,124
337,119,132
338,43,43
339,43,43
340,43,43
341,43,43
342,43,43
343,43,43
344,43,43
345,43,43
346,43,43
347,43,43
348,43,133
349,134,134
350,134,134
351,119,119
352,119,119
353,119,119
354,43,43
355,134,134
356,134,134
357,119,119
358,43,43
359,134,77
360,130,134
361,134,134
362,135,135
363,136,136
364,134,134
365,136,136
366,136,136
367,136,136
368,134,134
369,134,134
370,134,134
371,136,136
372,53,53
373,134,134
374,134,134
375,134,134
376,53,53
377,134,134
378,134,132
379,137,243
380,138,139
381,8,135
382,140,141
383,132,142
384,132,143
385,135,140
386,53,144
387,124,124
388,124,124
389,111,145
390,124,124
391,124,124
392,124,124
393,124,124
394,124,124
395,111,111
396,128,128
397,124,124
398,124,124
399,124,124
400,124,124
401,124,124
402,124,124
403,124,124
404,146,147
405,134,134
406,134,134
407,134,134
408,134,134
409,134,134
410,134,148
411,124,124
412,134,134
413,134,132
414,128,149
415,150,111
416,124,124
417,151,111
418,124,124
419,152,316
420,152,152
421,64,178
422,152,316
423,152,152
424,316,152
425,152,152
426,64,64
427,152,152
428,316,316
429,152,152
430,316,316
431,316,316
432,64,64
433,316,316
434,64,64
435,178,178
436,64,64
437,64,64
438,152,152
439,178,178
440,64,64
441,64,64
442,64,64
443,64,64
444,64,64
445,152,152
446,64,64
447,152,152
448,152,152
449,153,178
450,64,64
451,322,64
452,38,38
453,316,316
454,316,316
455,27,27
456,79,79
457,27,27
458,27,27
459,27,27
460,27,27
461,79,79
462,5,27
463,38,38
464,38,38
465,38,38
466,38,38
467,38,38
468,38,38
469,38,38
470,38,38
471,316,316
472,38,38
473,38,38
474,65,154
475,10,10
476,116,116
477,15,15
478,15,15
479,15,15
480,116,116
481,116,116
482,116,116
483,116,116
484,15,15
485,116,116
486,116,116
487,116,116
488,116,116
489,116,116
490,10,10
491,155,116
492,116,156
493,116,116
494,116,116
495,116,116
496,116,116
497,10,10
498,116,116
499,116,154
500,4,4
501,157,158
502,18,18
503,12,159
504,12,12
505,12,12
506,152,152
507,152,68
508,316,316
509,152,152
510,68,68
511,167,68
512,167,68
513,152,152
514,234,234
515,234,1
516,165,165
517,160,165
518,160,165
519,74,161
520,74,49
521,74,74
522,74,74
523,74,74
524,74,74
525,74,74
526,74,74
527,27,27
528,162,103
529,101,101
530,27,27
531,27,27
532,11,11
533,11,11
534,27,27
535,27,27
536,65,65
537,27,27
538,27,27
539,11,11
540,27,27
541,11,11
542,65,65
543,27,27
544,27,27
545,101,103
546,27,11
547,101,163
548,65,65
549,164,164
550,68,165
551,165,165
552,30,30
553,165,164
554,165,165
555,165,165
556,164,164
557,166,167
558,1,1
559,1,1
560,1,1
561,1,1
562,1,1
563,1,1
564,168,1
565,92,92
566,36,36
567,114,2
568,120,120
569,120,120
570,29,29
571,120,120
572,120,120
573,29,29
574,32,32
575,32,32
576,2,2
577,169,92
578,2,114
579,29,170
580,77,120
581,32,32
582,161,161
583,161,171
584,171,171
585,172,171
586,234,234
587,167,167
588,167,167
589,68,68
590,167,167
591,174,174
592,173,174
593,174,175
594,175,161
595,68,174
596,171,171
597,160,23
598,23,160
599,23,23
600,171,171
601,165,165
602,171,171
603,23,23
604,55,55
605,165,165
606,164,164
607,171,171
608,176,177
609,23,23
610,55,55
611,164,164
612,23,23
613,171,171
614,171,171
615,171,171
616,152,152
617,1,1
618,1,1
619,160,160
620,165,165
621,171,177
622,160,23
623,160,23
624,160,160
625,23,23
626,160,160
627,178,178
628,178,178
629,178,178
630,178,178
631,64,179
632,64,64
633,178,178
634,4,4
635,4,50
636,180,180
637,181,182
638,183,183
639,183,183
640,183,183
641,183,183
642,184,184
643,184,184
644,183,183
645,184,184
646,183,183
647,183,183
648,183,183
649,183,183
650,183,183
651,183,183
652,184,184
653,183,183
654,183,97
655,183,183
656,123,181
657,3,183
658,181,184
659,180,183
660,123,185
661,97,94
662,94,94
663,184,180
664,183,183
665,3,94
666,30,30
667,30,30
668,30,30
669,30,30
670,30,30
671,186,30
672,30,30
673,166,166
674,166,166
675,30,30
676,30,187
677,186,412
678,189,30
679,68,68
680,174,174
681,68,68
682,68,68
683,174,174
684,174,174
685,68,68
686,68,68
687,174,174
688,68,68
689,174,174
690,234,234
691,174,174
692,234,234
693,234,234
694,174,174
695,174,174
696,68,68
697,234,234
698,292,64
699,190,190
700,190,190
701,62,190
702,63,109
703,63,63
704,63,63
705,40,40
706,80,191
707,40,40
708,40,40
709,80,104
710,40,40
711,80,80
712,80,80
713,80,80
714,80,80
715,40,40
716,133,133
717,80,80
718,133,143
719,2,2
720,2,2
721,2,2
722,2,2
723,165,165
724,165,165
725,2,2
726,165,165
727,165,165
728,165,165
729,165,165
730,165,165
731,165,165
732,165,165
733,165,165
734,165,165
735,165,165
736,165,165
737,165,165
738,165,165
739,165,165
740,192,2
741,2,2
742,2,2
743,2,2
744,2,2
745,2,2
746,2,2
747,2,2
748,2,2
749,2,2
750,2,2
751,2,2
752,2,2
753,2,2
754,2,2
755,2,2
756,38,38
757,38,38
758,38,38
759,38,38
760,38,38
761,38,38
762,39,38
763,38,38
764,107,107
765,38,38
766,38,38
767,38,38
768,38,38
769,38,38
770,172,171
771,172,172
772,193,194
773,193,193
774,193,172
775,7,28
776,195,316
777,7,19
778,7,195
779,195,153
780,152,21
781,64,64
782,67,67
783,178,178
784,67,67
785,178,178
786,67,67
787,178,178
788,178,178
789,178,178
790,67,67
791,178,178
792,67,67
793,67,67
794,178,178
795,67,67
796,178,178
797,316,7
798,5,67
799,5,5
800,152,152
801,64,64
802,64,64
803,53,104
804,257,257
805,257,257
806,257,257
807,257,257
808,257,257
809,4,156
810,4,4
811,61,61
812,61,61
813,61,61
814,61,61
815,61,61
816,61,61
817,61,196
818,61,61
819,92,92
820,113,113
821,131,131
822,93,93
823,131,131
824,92,92
825,93,93
826,40,40
827,93,93
828,131,131
829,40,40
830,93,93
831,105,106
832,106,92
833,93,105
834,92,92
835,105,93
836,113,197
837,93,93
838,105,105
839,32,32
840,32,198
841,109,108
842,36,36
843,108,36
844,109,109
845,36,36
846,199,199
847,199,199
848,199,199
849,199,199
850,199,199
851,199,199
852,199,199
853,199,199
854,200,148
855,145,201
856,202,202
857,202,202
858,202,202
859,76,76
860,149,202
861,149,149
862,74,203
863,204,78
864,205,205
865,204,204
866,204,204
867,204,204
868,78,206
869,204,204
870,204,204
871,204,204
872,77,207
873,78,78
874,78,78
875,78,78
876,78,78
877,74,208
878,78,209
879,209,207
880,114,2
881,171,171
882,234,210
883,1,1
884,152,68
885,152,68
886,68,68
887,211,212
888,211,211
889,211,211
890,211,211
891,211,211
892,211,211
893,211,211
894,211,211
895,211,45
896,211,211
897,213,32
898,123,123
899,74,214
900,215,216
901,215,175
902,216,217
903,152,152
904,68,68
905,28,28
906,218,219
907,120,220
908,220,221
909,217,218
910,218,222
911,120,120
912,220,133
913,120,133
914,223,224
915,349,92
916,221,221
917,221,221
918,221,221
919,221,225
920,225,225
921,221,226
922,227,80
923,228,229
924,221,221
925,211,43
926,225,228
927,68,68
928,292,292
929,180,41
930,23,23
931,74,74
932,124,129
933,124,129
934,230,124
935,129,129
936,127,127
937,124,127
938,28,153
939,153,9
940,153,153
941,68,68
942,231,231
943,231,231
944,231,231
945,231,232
946,231,233
947,234,234
948,234,234
949,123,235
950,127,185
951,128,123
952,236,236
953,76,202
954,152,152
955,178,178
956,160,160
957,19,9
958,7,7
959,92,92
960,237,238
961,159,239
962,240,159
963,159,158
964,68,165
965,147,134
966,241,242
967,243,237
968,243,143
969,243,243
970,237,244
971,136,243
972,238,245
973,245,245
974,92,92
975,161,161
976,246,161
977,25,18
978,64,64
979,64,64
980,64,179
981,247,248
982,245,207
983,207,207
984,249,70
985,221,212
986,68,68
987,23,23
988,38,38
989,38,38
990,211,211
991,250,250
992,38,38
993,38,39
994,15,15
995,251,251
996,95,114
997,248,252
998,253,254
999,255,253
1000,253,253
1001,253,256
1002,253,253
1003,253,253
1004,253,253
1005,255,252
1006,24,24
1007,24,257
1008,21,21
1009,21,21
1010,21,21
1011,21,21
1012,258,259
1013,260,258
1014,260,260
1015,92,92
1016,92,261
1017,7,7
1018,58,59
1019,262,262
1020,59,64
1021,263,264
1022,263,265
1023,263,266
1024,39,39
1025,39,39
1026,41,108
1027,41,41
1028,41,41
1029,41,41
1030,41,41
1031,179,292
1032,292,292
1033,34,34
1034,9,9
1035,19,19
1036,9,9
1037,18,9
1038,254,209
1039,267,268
1040,269,269
1041,269,121
1042,269,270
1043,271,272
1044,64,64
1045,152,152
1046,41,41
1047,210,273
1048,68,68
1049,86,86
1050,88,88
1051,87,87
1052,87,87
1053,274,274
1054,274,275
1055,219,275
1056,276,274
1057,152,152
1058,11,116
1059,11,11
1060,9,178
1061,277,278
1062,7,7
1063,279,280
1064,281,258
1065,147,147
1066,234,234
1067,316,316
1068,178,64
1069,178,322
1070,84,282
1071,28,153
1072,47,264
1073,283,74
1074,284,283
1075,284,285
1076,284,286
1077,21,21
1078,95,192
1079,144,144
1080,234,168
1081,234,187
1082,187,164
1083,165,165
1084,287,288
1085,43,43
1086,43,43
1087,144,53
1088,192,192
1089,192,192
1090,92,92
1091,92,92
1092,171,260
1093,289,289
1094,0,0
1095,21,21
1096,112,180
1097,4,116
1098,161,290
1099,161,161
1100,73,73
1101,192,192
1102,192,192
1103,192,192
1104,192,192
1105,95,291
1106,187,30
1107,27,11
1108,47,47
1109,47,47
1110,47,47
1111,47,47
1112,1,1
1113,1,1
1114,30,30
1115,30,30
1116,30,30
1117,30,30
1118,30,30
1119,324,292
1120,292,292
1121,293,111
1122,294,295
1123,294,294
1124,294,294
1125,2,2
1126,2,2
1127,2,114
1128,33,35
1129,39,35
1130,38,38
1131,127,127
1132,124,127
1133,124,124
1134,190,190
1135,190,190
1136,10,98
1137,180,99
1138,93,112
1139,296,98
1140,297,297
1141,298,298
1142,298,298
1143,298,298
1144,297,297
1145,297,298
1146,126,297
1147,99,102
1148,6,21
1149,153,153
1150,324,292
1151,160,160
1152,23,299
1153,300,300
1154,300,300
1155,23,23
1156,23,23
1157,152,152
1158,152,152
1159,21,21
1160,21,21
1161,189,301
1162,301,301
1163,301,301
1164,316,316
1165,302,303
1166,304,12
1167,305,52
1168,135,135
1169,8,302
1170,302,304
1171,304,304
1172,304,304
1173,304,304
1174,25,25
1175,249,249
1176,70,70
1177,306,196
1178,55,306
1179,306,306
1180,307,308
1181,309,279
1182,306,309
1183,306,308
1184,232,232
1185,152,152
1186,152,152
1187,152,152
1188,292,292
1189,31,31
1190,193,69
1191,69,69
1192,280,170
1193,280,280
1194,280,280
1195,280,280
1196,310,188
1197,188,188
1198,310,310
1199,188,311
1200,312,186
1201,166,186
1202,313,310
1203,188,412
1204,1,312
1205,312,312
1206,313,307
1207,188,188
1208,313,188
1209,314,314
1210,314,314
1211,314,314
1212,168,315
1213,315,315
1214,315,315
1215,187,31
1216,195,195
1217,316,178
1218,153,153
1219,153,153
1220,322,153
1221,317,153
1222,153,153
1223,64,64
1224,64,64
1225,318,319
1226,318,318
1227,318,318
1228,320,159
1229,12,321
1230,12,159
1231,317,317
1232,317,317
1233,322,317
1234,153,64
1235,323,324
1236,7,7
1237,28,28
1238,160,160
1239,160,160
1240,160,160
1241,160,160
1242,325,174
1243,325,326
1244,234,234
1245,265,327
1246,208,208
1247,328,208
1248,208,208
1249,173,152
1250,178,178
1251,178,178
1252,173,173
1253,68,68
1254,25,25
1255,20,20
1256,20,15
1257,167,167
1258,158,158
1259,268,268
1260,268,329
1261,330,330
1262,330,330
1263,330,268
1264,331,330
1265,15,157
1266,72,159
1267,159,72
1268,72,332
1269,72,72
1270,72,72
1271,127,127
1272,127,127
1273,185,185
1274,185,185
1275,185,185
1276,127,127
1277,333,54
1278,10,119
1279,333,334
1280,333,333
1281,333,333
1282,159,159
1283,72,72
1284,72,72
1285,152,152
1286,335,126
1287,335,335
1288,126,126
1289,126,336
1290,125,337
1291,125,184
1292,127,127
1293,124,127
1294,127,127
1295,127,127
1296,33,32
1297,33,33
1298,117,251
1299,34,34
1300,34,213
1301,32,32
1302,338,339
1303,34,340
1304,266,341
1305,342,343
1306,344,342
1307,344,2
1308,344,344
1309,115,115
1310,115,342
1311,183,183
1312,183,183
1313,345,345
1314,345,345
1315,345,345
1316,2,2
1317,2,2
1318,2,2
1319,2,2
1320,346,346
1321,346,346
1322,346,346
1323,235,298
1324,235,235
1325,347,235
1326,17,304
1327,73,348
1328,73,73
1329,73,73
1330,73,341
1331,144,144
1332,144,144
1333,339,339
1334,339,339
1335,183,183
1336,183,183
1337,183,183
1338,37,37
1339,37,37
1340,349,349
1341,349,105
1342,349,349
1343,92,92
1344,2,2
1345,2,2
1346,2,2
1347,2,2
1348,350,208
1349,350,351
1350,352,139
1351,353,353
1352,354,203
1353,355,192
1354,192,95
1355,356,291
1356,192,192
1357,192,192
1358,192,192
1359,192,343
1360,192,192
1361,192,192
1362,192,192
1363,192,192
1364,357,357
1365,357,357
1366,357,357
1367,192,343
1368,342,342
1369,343,343
1370,114,114
1371,114,114
1372,114,114
1373,114,114
1374,92,114
1375,114,114
1376,114,114
1377,114,114
1378,136,142
1379,136,142
1380,136,136
1381,136,136
1382,136,136
1383,136,136
1384,136,136
1385,136,136
1386,142,136
1387,142,142
1388,142,142
1389,142,142
1390,146,146
1391,143,143
1392,143,143
1393,143,143
1394,143,143
1395,143,143
1396,143,143
1397,43,143
1398,358,43
1399,358,358
1400,358,358
1401,358,358
1402,359,358
1403,142,142
1404,142,142
1405,142,142
1406,360,361
1407,360,362
1408,360,360
1409,229,229
1410,363,364
1411,247,363
1412,365,365
1413,365,365
1414,365,365
1415,365,120
1416,194,194
1417,194,194
1418,366,194
1419,366,161
1420,367,368
1421,307,367
1422,262,367
1423,246,246
1424,246,246
1425,368,241
1426,334,334
1427,369,370
1428,370,236
1429,236,119
1430,232,232
1431,262,232
1432,144,144
1433,227,361
1434,278,288
1435,278,371
1436,278,278
1437,262,246
1438,232,326
1439,48,176
1440,48,47
1441,171,171
1442,171,372
1443,171,171
1444,373,171
1445,374,375
1446,376,377
1447,258,258
1448,373,258
1449,219,219
1450,233,216
1451,233,233
1452,233,233
1453,378,101
1454,378,378
1455,378,378
1456,378,53
1457,270,191
1458,270,270
1459,270,378
1460,260,161
1461,379,379
1462,260,379
1463,379,380
1464,381,223
1465,381,381
1466,381,381
1467,222,382
1468,382,382
1469,382,382
1470,290,250
1471,290,290
1472,383,65
1473,383,383
1474,383,383
1475,384,385
1476,386,71
1477,224,67
1478,260,161
1479,387,161
1480,161,161
1481,388,222
1482,217,217
1483,138,138
1484,138,389
1485,38,38
1486,108,108
1487,276,116
1488,4,4
1489,390,287
1490,390,390
1491,86,86
1492,87,87
1493,87,87
1494,89,89
1495,158,159
1496,58,58
1497,58,58
1498,391,77
1499,349,349
1500,349,349
1501,234,234
1502,59,59
1503,64,64
1504,392,173
1505,173,173
1506,173,174
1507,393,393
1508,71,71
1509,15,394
1510,9,9
1511,158,331
1512,64,179
1513,324,324
1514,68,68
1515,68,68
1516,68,68
1517,76,335
1518,64,64
1519,16,16
1520,16,16
1521,16,16
1522,16,16
1523,16,16
1524,16,16
1525,16,16
1526,239,320
1527,240,240
1528,324,324
1529,316,316
1530,144,144
1531,144,144
1532,247,247
1533,53,144
1534,47,47
1535,153,153
1536,153,153
1537,179,179
1538,292,292
1539,263,263
1540,263,263
1541,263,263
1542,32,32
1543,32,32
1544,32,32
1545,34,34
1546,263,263
1547,265,327
1548,39,39
1549,39,39
1550,152,174
1551,167,167
1552,167,167
1553,167,167
1554,234,210
1555,395,210
1556,68,68
1557,171,171
1558,171,171
1559,396,396
1560,68,68
1561,68,68
1562,211,211
1563,338,144
1564,338,397
1565,53,53
1566,53,53
1567,171,171
1568,398,171
1569,398,398
1570,77,77
1571,120,120
1572,208,208
1573,203,379
1574,314,314
1575,170,170
1576,258,258
1577,281,258
1578,352,352
1579,179,179
1580,7,316
1581,9,9
1582,72,332
1583,158,268
1584,153,153
1585,28,28
1586,330,330
1587,178,178
1588,178,178
1589,178,178
1590,64,64
1591,58,58
1592,58,58
1593,144,144
1594,162,399
1595,400,390
1596,144,144
1597,144,144
1598,53,53
1599,123,123
1600,298,298
1601,401,402
1602,130,130
1603,130,130
1604,136,136
1605,136,136
1606,136,136
1607,136,136
1608,142,142
1609,142,142
1610,378,378
1611,223,223
1612,11,11
1613,11,11
1614,11,11
1615,11,11
1616,11,11
1617,11,11
1618,11,11
1619,11,11
1620,276,276
1621,116,116
1622,116,116
1623,4,4
1624,51,51
1625,4,10
1626,236,236
1627,191,191
1628,120,120
1629,120,120
1630,230,230
1631,230,230
1632,230,230
1633,124,124
1634,230,124
1635,403,403
1636,403,403
1637,118,118
1638,118,118
1639,118,118
1640,118,118
1641,118,118
1642,118,118
1643,403,118
1644,201,118
1645,145,145
1646,145,145
1647,190,190
1648,63,63
1649,127,127
1650,127,127
1651,127,127
1652,127,127
1653,127,127
1654,124,124
1655,124,124
1656,124,124
1657,53,361
1658,227,227
1659,227,227
1660,227,227
1661,46,46
1662,46,46
1663,212,212
1664,212,212
1665,212,212
1666,212,212
1667,142,142
1668,142,142
1669,142,142
1670,142,142
1671,142,142
1672,142,142
1673,142,142
1674,142,142
1675,142,142
1676,142,142
1677,142,142
1678,142,142
1679,142,142
1680,142,142
1681,142,142
1682,142,142
1683,142,142
1684,142,142
1685,142,142
1686,142,142
1687,142,142
1688,142,142
1689,132,132
1690,147,147
1691,147,147
1692,404,147
1693,134,134
1694,134,134
1695,134,134
1696,77,77
1697,77,77
1698,77,77
1699,77,77
1700,77,77
1701,120,120
1702,120,120
1703,120,120
1704,120,120
1705,120,120
1706,120,120
1707,360,360
1708,360,360
1709,360,360
1710,360,360
1711,360,360
1712,360,360
1713,134,134
1714,134,134
1715,134,146
1716,148,199
1717,148,298
1718,130,130
1719,130,130
1720,130,130
1721,130,130
1722,148,199
1723,148,130
1724,200,200
1725,200,200
1726,46,46
1727,46,46
1728,42,45
1729,45,45
1730,211,211
1731,211,211
1732,211,211
1733,211,211
1734,211,211
1735,211,211
1736,211,211
1737,405,211
1738,211,211
1739,211,211
1740,211,211
1741,43,43
1742,43,43
1743,43,43
1744,43,43
1745,43,43
1746,43,43
1747,43,362
1748,344,344
1749,344,344
1750,344,344
1751,344,344
1752,344,344
1753,342,342
1754,342,342
1755,342,342
1756,342,342
1757,342,342
1758,342,342
1759,115,406
1760,96,96
1761,96,96
1762,96,96
1763,96,96
1764,118,118
1765,118,118
1766,118,118
1767,63,407
1768,407,41
1769,38,38
1770,38,38
1771,38,38
1772,38,38
1773,38,38
1774,38,38
1775,38,38
1776,38,38
1777,38,38
1778,38,38
1779,38,38
1780,41,38
1781,41,41
1782,41,41
1783,41,41
1784,41,41
1785,41,41
1786,41,41
1787,41,41
1788,41,41
1789,41,41
1790,41,41
1791,41,41
1792,41,41
1793,41,41
1794,41,41
1795,41,41
1796,41,41
1797,41,41
1798,41,41
1799,41,41
1800,41,41
1801,41,41
1802,41,41
1803,41,41
1804,41,41
1805,41,41
1806,41,41
1807,41,41
1808,41,41
1809,41,41
1810,41,41
1811,41,41
1812,41,41
1813,41,41
1814,41,41
1815,41,41
1816,41,41
1817,41,41
1818,41,41
1819,41,41
1820,41,41
1821,41,41
1822,41,41
1823,32,32
1824,32,198
1825,198,198
1826,198,198
1827,198,198
1828,32,32
1829,32,32
1830,32,32
1831,32,32
1832,32,32
1833,32,32
1834,32,32
1835,32,32
1836,32,32
1837,32,32
1838,32,32
1839,32,32
1840,32,32
1841,32,32
1842,32,32
1843,32,32
1844,32,32
1845,32,32
1846,32,32
1847,32,32
1848,32,32
1849,32,32
1850,32,32
1851,32,32
1852,32,32
1853,32,32
1854,348,348
1855,348,348
1856,348,348
1857,73,73
1858,73,73
1859,73,73
1860,73,73
1861,73,73
1862,73,73
1863,73,73
1864,73,73
1865,348,348
1866,348,32
1867,117,117
1868,117,117
1869,117,117
1870,251,348
1871,251,251
1872,251,251
1873,251,251
1874,251,251
1875,408,408
1876,408,408
1877,408,408
1878,408,408
1879,261,408
1880,117,261
1881,92,92
1882,92,92
1883,92,92
1884,92,92
1885,92,92
1886,92,92
1887,92,92
1888,92,92
1889,92,92
1890,92,92
1891,92,92
1892,92,92
1893,92,92
1894,33,33
1895,33,33
1896,33,33
1897,33,33
1898,33,33
1899,33,33
1900,33,33
1901,33,33
1902,33,33
1903,33,33
1904,33,33
1905,33,33
1906,33,33
1907,33,33
1908,33,33
1909,33,33
1910,33,33
1911,33,33
1912,33,33
1913,33,33
1914,33,33
1915,33,33
1916,33,33
1917,33,33
1918,33,33
1919,33,33
1920,47,47
1921,47,47
1922,47,47
1923,47,47
1924,47,47
1925,47,47
1926,47,47
1927,47,47
1928,47,47
1929,47,47
1930,47,47
1931,47,47
1932,47,47
1933,47,47
1934,47,47
1935,47,47
1936,42,42
1937,42,42
1938,42,42
1939,42,42
1940,42,42
1941,42,42
1942,42,42
1943,42,42
1944,42,42
1945,42,42
1946,42,42
1947,42,42
1948,42,42
1949,42,42
1950,42,42
1951,42,42
1952,42,42
1953,40,40
1954,40,40
1955,40,40
1956,40,40
1957,40,40
1958,40,40
1959,40,40
1960,40,40
1961,40,40
1962,40,40
1963,40,40
1964,40,40
1965,40,40
1966,40,40
1967,40,40
1968,40,40
1969,40,40
1970,127,127
1971,127,127
1972,127,127
1973,127,127
1974,127,127
1975,127,127
1976,127,127
1977,127,127
1978,127,127
1979,127,127
1980,76,76
1981,76,76
1982,76,76
1983,76,76
1984,76,76
1985,235,235
1986,235,235
1987,235,235
1988,235,235
1989,235,235
1990,262,262
1991,262,262
1992,262,262
1993,262,262
1994,262,262
1995,262,262
1996,262,262
1997,246,246
1998,161,161
1999,161,161
2000,161,409
2001,203,203
2002,74,74
2003,350,350
2004,350,350
2005,350,350
2006,192,192
2007,192,192
2008,192,192
2009,192,192
2010,192,192
2011,192,192
2012,192,192
2013,192,192
2014,192,192
2015,192,192
2016,192,192
2017,192,192
2018,192,192
2019,192,192
2020,192,192
2021,192,192
2022,192,192
2023,192,192
2024,192,192
2025,192,192
2026,192,192
2027,192,192
2028,192,192
2029,192,192
2030,192,192
2031,192,192
2032,192,192
2033,192,192
2034,192,192
2035,192,192
2036,192,192
2037,192,192
2038,192,192
2039,139,355
2040,2,2
2041,2,2
2042,2,2
2043,2,2
2044,2,2
2045,2,2
2046,114,114
2047,114,114
2048,192,192
2049,192,192
2050,192,192
2051,192,192
2052,192,192
2053,192,192
2054,192,114
2055,92,92
2056,92,92
2057,92,92
2058,92,92
2059,92,92
2060,92,92
2061,92,92
2062,349,349
2063,349,349
2064,208,208
2065,208,208
2066,208,208
2067,208,208
2068,208,208
2069,265,265
2070,265,265
2071,265,265
2072,263,263
2073,263,263
2074,263,263
2075,263,263
2076,263,263
2077,73,73
2078,73,73
2079,410,266
2080,341,34
2081,340,340
2082,340,340
2083,340,340
2084,340,340
2085,340,340
2086,213,213
2087,213,213
2088,213,213
2089,213,213
2090,213,213
2091,32,32
2092,110,110
2093,110,110
2094,110,110
2095,110,110
2096,153,153
2097,28,28
2098,28,28
2099,28,28
2100,28,28
2101,28,28
2102,153,153
2103,153,153
2104,153,153
2105,64,64
2106,322,322
2107,64,64
2108,64,64
2109,64,64
2110,64,64
2111,64,64
2112,64,64
2113,64,64
2114,64,64
2115,64,64
2116,64,64
2117,153,153
2118,153,153
2119,153,153
2120,7,7
2121,252,252
2122,253,253
2123,254,254
2124,254,254
2125,254,254
2126,254,254
2127,165,165
2128,165,165
2129,0,0
2130,0,0
2131,0,0
2132,0,0
2133,0,0
2134,12,12
2135,12,12
2136,12,12
2137,12,12
2138,30,30
2139,30,30
2140,30,30
2141,30,30
2142,30,30
2143,30,30
2144,30,30
2145,30,30
2146,30,30
2147,30,30
2148,299,300
2149,300,300
2150,23,23
2151,23,23
2152,292,292
2153,292,292
2154,292,292
2155,292,292
2156,68,68
2157,165,160
2158,167,234
2159,165,234
2160,234,234
2161,165,234
2162,165,234
2163,165,165
2164,234,165
2165,165,234
2166,165,165
2167,316,316
2168,316,316
2169,152,152
2170,152,152
2171,152,152
2172,152,152
2173,152,152
2174,152,152
2175,152,152
2176,152,152
2177,152,152
2178,152,152
2179,152,152
2180,152,152
2181,152,152
2182,152,152
2183,152,152
2184,21,21
2185,21,21
2186,21,21
2187,21,21
2188,21,21
2189,21,21
2190,21,21
2191,21,21
2192,21,21
2193,21,21
2194,21,21
2195,1,1
2196,234,234
2197,234,234
2198,68,68
2199,68,68
2200,68,234
2201,68,234
2202,152,152
2203,152,152
2204,152,152
2205,68,68
2206,68,68
2207,68,68
2208,68,68
2209,68,68
2210,68,68
2211,68,68
2212,152,152
2213,178,178
2214,7,7
2215,7,7
2216,7,7
2217,21,21
2218,21,21
2219,21,21
2220,21,21
2221,21,21
2222,21,21
2223,5,5
2224,71,71
2225,71,71
2226,71,71
2227,71,71
2228,71,71
2229,71,71
2230,217,223
2231,217,217
2232,222,222
2233,222,222
2234,275,275
2235,275,275
2236,275,275
2237,275,275
2238,275,275
2239,275,275
2240,262,262
2241,368,368
2242,194,194
2243,161,161
2244,161,161
2245,161,161
2246,161,161
2247,161,161
2248,161,161
2249,161,161
2250,290,392
2251,161,290
2252,392,215
2253,215,215
2254,215,215
2255,215,215
2256,215,215
2257,215,215
2258,215,215
2259,215,215
2260,215,215
2261,215,215
2262,215,215
2263,215,215
2264,94,94
2265,94,2
2266,94,94
2267,3,3
2268,3,3
2269,3,3
2270,3,3
2271,93,93
2272,93,93
2273,93,93
2274,93,93
2275,180,180
2276,180,180
2277,180,180
2278,180,180
2279,180,180
2280,180,180
2281,180,180
2282,180,180
2283,180,180
2284,180,180
2285,180,180
2286,180,180
2287,180,180
2288,180,180
2289,182,182
2290,182,182
2291,182,182
2292,182,182
2293,184,184
2294,184,184
2295,184,184
2296,183,183
2297,183,183
2298,183,183
2299,183,183
2300,183,183
2301,183,183
2302,116,116
2303,116,116
2304,116,116
2305,116,116
2306,4,4
2307,276,276
2308,276,276
2309,276,276
2310,276,276
2311,276,276
2312,276,276
2313,276,276
2314,16,16
2315,16,16
2316,15,15
2317,15,15
2318,15,15
2319,15,15
2320,15,15
2321,15,15
2322,15,15
2323,15,15
2324,15,15
2325,15,15
2326,18,18
2327,18,18
2328,298,298
2329,298,298
2330,298,298
2331,298,298
2332,111,298
2333,111,111
2334,288,288
2335,288,288
2336,288,288
2337,288,288
2338,288,227
2339,227,227
2340,227,227
2341,227,227
2342,227,227
2343,227,227
2344,370,370
2345,370,370
2346,370,370
2347,370,370
2348,80,80
2349,258,258
2350,258,258
2351,258,258
2352,258,258
2353,258,258
2354,258,258
2355,258,258
2356,258,258
2357,258,258
2358,258,258
2359,258,258
2360,29,29
2361,170,170
2362,170,170
2363,279,279
2364,279,279
2365,279,279
2366,279,279
2367,279,279
2368,279,279
2369,411,411
2370,411,411
2371,411,279
2372,411,411
2373,411,411
2374,411,411
2375,411,411
2376,273,411
2377,273,273
2378,273,273
2379,273,273
2380,412,412
2381,35,35
2382,39,39
2383,39,39
2384,39,39
2385,39,39
2386,39,39
2387,35,33
2388,37,35
2389,37,37
2390,37,37
2391,36,37
2392,36,36
2393,36,36
2394,36,36
2395,108,108
2396,171,171
2397,260,260
2398,14,249
2399,55,55
2400,55,55
2401,55,55
2402,55,55
2403,55,55
2404,55,55
2405,171,171
2406,171,171
2407,55,55
2408,55,55
2409,55,55
2410,55,55
2411,55,55
2412,55,55
2413,55,55
2414,55,55
2415,249,249
2416,249,249
2417,13,13
2418,13,13
2419,171,171
2420,171,171
2421,171,171
2422,171,171
2423,171,171
2424,171,171
2425,171,171
2426,171,171
2427,171,171
2428,398,398
2429,398,398
2430,398,398
2431,171,171
2432,171,171
2433,372,372
2434,372,372
2435,171,171
2436,171,171
2437,171,171
2438,171,171
2439,171,171
2440,171,171
2441,171,171
2442,171,171
2443,171,171
2444,171,171
2445,283,283
2446,283,283
2447,283,283
2448,283,283
2449,74,74
2450,74,74
2451,74,74
2452,74,74
2453,74,74
2454,74,74
2455,74,74
2456,74,74
2457,350,350
2458,350,350
2459,353,353
2460,353,353
2461,353,353
2462,353,353
2463,379,379
2464,379,379
2465,379,379
2466,379,379
2467,379,379
2468,379,379
2469,379,379
2470,379,379
2471,379,379
2472,354,354
2473,354,354
2474,352,352
2475,352,352
2476,352,352
2477,352,352
2478,352,352
2479,203,352
2480,250,250
2481,250,250
2482,250,382
2483,382,382
2484,382,382
2485,382,382
2486,382,382
2487,382,382
2488,382,382
2489,152,152
2490,21,21
2491,152,152
2492,152,152
2493,152,152
2494,152,152
2495,152,152
2496,152,152
2497,152,152
2498,152,152
2499,152,152
2500,173,173
2501,173,173
2502,174,174
2503,152,152
2504,152,152
2505,152,152
2506,152,152
2507,152,152
2508,152,152
2509,152,152
2510,262,262
2511,262,262
2512,262,262
2513,231,231
2514,231,231
2515,231,231
2516,231,231
2517,38,38
2518,38,38
2519,38,38
2520,38,38
2521,38,38
2522,38,38
2523,38,38
2524,38,38
2525,38,38
2526,38,38
2527,38,38
2528,38,38
2529,38,38
2530,38,38
2531,38,38
2532,38,38
2533,38,38
2534,38,38
2535,38,38
2536,38,38
2537,38,38
2538,38,38
2539,38,38
2540,38,38
2541,38,38
2542,38,38
2543,38,38
2544,38,38
2545,38,38
2546,38,38
2547,38,38
2548,38,38
2549,38,38
2550,38,38
2551,38,38
2552,38,38
2553,38,38
2554,38,38
2555,38,38
2556,38,38
2557,38,38
2558,38,38
2559,38,38
2560,38,38
2561,38,38
2562,38,38
2563,38,38
2564,38,38
2565,38,38
2566,38,38
2567,38,38
2568,38,38
2569,38,38
2570,38,38
2571,38,38
2572,38,38
2573,38,38
2574,38,38
2575,38,38
2576,38,38
2577,38,38
2578,38,38
2579,62,62
2580,62,62
2581,62,62
2582,62,62
2583,62,62
2584,62,62
2585,62,62
2586,411,311
2587,161,409
2588,178,178
2589,19,19
2590,19,19
2591,153,153
2592,153,153
2593,9,9
2594,9,9
2595,9,9
2596,9,9
2597,9,9
2598,9,9
2599,9,9
2600,9,9
2601,9,9
2602,9,9
2603,9,15
2604,15,15
2605,158,158
2606,158,12
2607,12,12
2608,12,12
2609,12,12
2610,12,12
2611,12,12
2612,12,12
2613,240,240
2614,240,240
2615,240,240
2616,158,158
2617,158,158
2618,158,158
2619,158,158
2620,158,158
2621,158,158
2622,330,330
2623,330,330
2624,68,68
2625,68,68
2626,68,234
2627,23,23
2628,23,23
2629,23,23
2630,23,23
2631,23,23
2632,23,23
2633,234,234
2634,234,234
2635,234,165
2636,165,165
2637,165,165
2638,160,68
2639,68,68
2640,68,68
2641,68,68
2642,68,68
2643,68,68
2644,68,68
2645,68,68
2646,68,68
2647,39,38
2648,38,38
2649,413,211
2650,160,292
2651,292,292
2652,292,292
2653,292,292
2654,292,292
2655,292,292
2656,292,292
2657,292,292
2658,292,292
2659,292,292
2660,292,292
2661,414,414
2662,414,355
2663,139,139
2664,139,139
2665,139,139
2666,139,139
2667,10,10
2668,10,10
2669,10,10
2670,10,10
2671,10,10
2672,10,10
2673,10,10
2674,10,10
2675,10,10
2676,10,10
2677,10,10
2678,10,10
2679,10,10
2680,138,138
2681,10,138
2682,192,192
2683,192,192
2684,356,192
2685,356,356
2686,291,291
2687,291,291
2688,291,291
2689,291,291
2690,291,291
2691,396,396
2692,396,396
2693,265,208
2694,165,165
2695,165,165
2696,165,165
2697,165,165
2698,165,165
2699,165,165
2700,165,165
2701,165,165
2702,165,165
2703,165,165
2704,165,165
2705,165,165
2706,165,165
2707,165,165
2708,165,165
2709,165,165
2710,164,164
2711,164,164
2712,164,164
2713,299,299
2714,300,189
2715,314,314
2716,31,315
2717,31,31
2718,179,179
2719,179,179
2720,179,179
2721,179,179
2722,179,179
2723,179,179
2724,179,179
2725,179,179
2726,179,179
2727,64,64
2728,179,179
2729,292,292
2730,413,413
2731,413,413
2732,413,413
2733,413,413
2734,211,211
2735,212,212
2736,212,212
2737,159,159
2738,159,159
2739,239,240
2740,318,320
2741,4,4
2742,374,415
2743,68,68
2744,133,133
2745,226,226
2746,226,226
2747,226,226
2748,226,226
2749,226,226
2750,226,226
2751,226,226
2752,416,226
2753,178,195
2754,371,371
2755,368,368
2756,368,368
2757,84,85
2758,85,85
2759,85,85
2760,85,85
2761,85,85
2762,85,85
2763,86,86
2764,91,91
2765,91,91
2766,91,91
2767,91,91
2768,89,89
2769,89,89
2770,89,89
2771,89,89
2772,89,89
2773,85,89
2774,86,86
2775,86,86
2776,86,86
2777,86,86
2778,288,288
2779,288,288
2780,288,288
2781,171,56
2782,156,257
2783,41,41
2784,41,41
2785,41,41
2786,41,41
2787,50,50
2788,63,62
2789,40,40
2790,47,47
2791,262,262
2792,331,331
2793,331,331
2794,331,331
2795,331,331
2796,180,180
2797,180,180
2798,180,180
2799,180,180
2800,180,180
2801,62,62
2802,62,62
2803,62,62
2804,62,62
2805,62,62
2806,62,62
2807,62,62
2808,62,62
2809,251,251
2810,0,0
2811,0,0
2812,162,162
2813,53,53
2814,39,39
2815,39,39
2816,292,292
2817,234,234
2818,104,104
2819,316,316
2820,316,316
2821,4,4
2822,104,104
2823,7,7
2824,178,178
2825,287,287
2826,160,160
2827,160,324
2828,160,160
2829,144,144
2830,53,53
2831,53,53
2832,144,144
2833,128,128
2834,298,298
2835,378,378
2836,270,270
2837,51,51
2838,10,10
2839,51,51
2840,129,129
2841,247,247
2842,211,211
2843,211,211
2844,362,362
2845,43,43
2846,407,407
2847,192,192
2848,92,92
2849,92,92
2850,68,68
2851,234,234
2852,234,234
2853,234,234
2854,234,234
2855,234,234
2856,64,64
2857,298,298
2858,21,21
2859,173,173
2860,152,152
2861,262,262
2862,160,160
2863,160,160
2864,160,160
2865,160,160
2866,160,160
2867,160,160
2868,160,160
2869,68,68
2870,68,160
2871,160,160
2872,160,160
2873,160,160
2874,68,68
2875,68,68
2876,68,68
2877,68,68
2878,68,68
2879,68,68
2880,179,68
2881,68,68
2882,68,68
2883,68,68
2884,68,68
2885,68,68
2886,68,68
2887,68,68
2888,68,68
2889,68,68
2890,68,68
2891,68,68
2892,68,68
2893,68,68
2894,68,68
2895,23,23
2896,23,23
2897,23,23
2898,23,23
2899,23,23
2900,23,23
2901,23,23
2902,23,23
2903,23,23
2904,23,23
2905,23,23
2906,23,23
2907,68,68
2908,68,160
2909,68,68
2910,68,68
2911,68,68
2912,68,68
2913,68,68
2914,68,68
2915,68,68
2916,68,234
2917,165,165
2918,165,165
2919,165,68
2920,68,68
2921,68,68
2922,68,68
2923,68,68
2924,68,68
2925,68,68
2926,68,160
2927,160,160
2928,68,68
2929,68,68
2930,68,68
2931,68,68
2932,68,68
2933,234,234
2934,68,68
2935,68,68
2936,68,68
2937,68,68
2938,68,68
2939,68,68
2940,68,68
2941,68,68
2942,68,68
2943,68,68
2944,68,68
2945,68,68
2946,68,68
2947,68,68
2948,165,165
2949,68,68
2950,68,68
2951,68,68
2952,68,68
2953,68,68
2954,68,68
2955,179,179
2956,64,179
2957,68,68
2958,165,165
2959,68,68
2960,179,68
2961,68,68
2962,68,68
2963,68,68
2964,68,68
2965,68,68
2966,234,234
2967,68,68
2968,68,68
2969,68,68
2970,68,68
2971,68,68
2972,324,324
2973,324,324
2974,324,324
2975,160,160
2976,160,160
2977,160,160
2978,68,68
2979,68,68
2980,68,68
2981,68,68
2982,68,68
2983,68,68
2984,68,68
2985,68,68
2986,160,160
2987,292,292
2988,292,292
2989,324,324
2990,68,68
2991,68,68
2992,192,192
2993,160,160
2994,160,160
2995,178,178
2996,25,25
2997,194,194
2998,82,82
2999,160,160
3000,160,160
3001,160,179
3002,160,160
3003,179,179
3004,179,179
3005,179,179
3006,204,85
3007,206,85
3008,417,89
3009,254,417
3010,41,41
3011,41,41
3012,41,41
3013,41,41
3014,41,41
3015,41,41
3016,41,41
3017,41,41
3018,41,41
3019,41,41
3020,41,41
3021,41,41
3022,41,41
3023,41,41
3024,41,41
3025,41,41
3026,41,41
3027,41,41
3028,41,41
3029,41,41
3030,41,41
3031,41,41
3032,41,41
3033,41,41
3034,41,41
3035,41,41
3036,41,41
3037,41,41
3038,41,41
3039,41,41
3040,41,41
3041,41,41
3042,41,41
3043,41,41
3044,41,41
3045,41,41
3046,41,41
3047,41,41
3048,41,41
3049,41,41
3050,41,41
3051,41,41
3052,41,41
3053,41,41
3054,41,41
3055,41,41
3056,41,41
3057,41,41
3058,41,41
3059,41,41
3060,41,41
3061,41,41
3062,41,41
3063,41,41
3064,41,41
3065,41,41
3066,41,41
3067,41,41
3068,41,41
3069,41,41
3070,41,41
3071,41,41
3072,41,41
3073,41,41
3074,41,41
3075,41,41
3076,41,41
3077,41,41
3078,41,41
3079,41,41
3080,41,41
3081,41,41
3082,41,41
3083,41,41
3084,41,41
3085,41,41
3086,41,41
3087,41,41
3088,41,41
3089,41,41
3090,41,41
3091,41,41
3092,41,41
3093,41,41
3094,41,41
3095,41,41
3096,41,41
3097,41,41
3098,41,41
3099,41,41
3100,41,41
3101,41,41
3102,41,41
3103,41,41
3104,74,74
3105,74,74